"NUM_CORR_ACI","SIGLA_ACO","P_MIN","P_MAX","C_VIS","P_GUSA","SI_GUSA","cbs","pbs","cp1","pp1","CAL","CALCARIO","DOLCA","DOLCR","NEFE","CAO_INPUT","MGO_INPUT","NEFE_REAL","SUCATA_TOTAL","CARGA_LIQUIDA","PS_TA","sep1","TFS","TPAN"
"491516","24JDAA000100010099",0.00,10.00,0.10,107.00,25.00,,,2.17,10.83,3558.00,1043.00,3432.00,2887.00,151.00,6493.09,1882.27,0.00,30700.00,158610.00,2200.00,"***",,1623.00
"491517","24JDAA000100010099",0.00,10.00,0.10,102.00,27.00,,,1.88,11.58,4823.00,789.00,4748.00,334.00,145.00,7316.49,1907.56,0.00,30600.00,159510.00,2500.00,"***",,1629.00
"491518","24JDAA000100010099",0.00,10.00,0.10,108.00,48.00,,,3.29,11.58,5749.00,0.00,6124.00,332.00,220.00,8395.65,2368.13,0.00,30900.00,157810.00,1900.00,"***",,1627.00
"491519","24JDAA000100010099",0.00,10.00,0.10,103.00,50.00,,,3.17,8.41,5743.00,0.00,6293.00,338.00,214.00,8473.17,2424.68,0.00,30500.00,157610.00,2200.00,"***",,1628.00
"491520","MBA2AA000150010099",0.00,15.00,0.15,92.00,18.00,,,3.65,9.06,3573.00,0.00,5031.00,330.00,0.00,5846.67,1898.28,0.00,37000.00,153110.00,8800.00,"***",,1630.00
"491521","24JDAA000100010099",0.00,10.00,0.10,108.00,31.00,3.36,13.26,2.38,9.84,3717.00,1037.00,4507.00,1417.00,154.00,6668.50,1980.07,0.00,30200.00,157810.00,2200.00,"***",1703.00,1656.00
"491523","24JDAA000100010099",0.00,10.00,0.10,98.00,39.00,,,2.42,7.24,3877.00,1043.00,4515.00,2400.00,152.00,7148.89,2167.95,0.00,30300.00,157810.00,2600.00,"***",,1625.00
"491524","MBA2AA000150010099",0.00,15.00,0.15,110.00,41.00,,,2.68,9.09,5155.00,0.00,5901.00,332.00,187.00,7736.19,2264.84,0.00,36900.00,152610.00,2300.00,"***",,1607.00
"491525","MBA2AA000150010099",0.00,15.00,0.15,110.00,40.00,,,2.40,9.14,5064.00,0.00,5830.00,329.00,187.00,7616.49,2236.32,0.00,37200.00,152410.00,2100.00,"***",,
"491526","GXCHAS016000145099",0.00,25.00,16.00,98.00,24.00,,,12.51,14.19,3448.00,572.00,3209.00,706.00,398.00,5300.26,1387.05,0.00,29800.00,152410.00,2000.00,"***",1671.00,1617.00
"491527","JYCHAS0140000860X9",0.00,25.00,14.00,107.00,24.00,3.75,16.82,10.48,18.09,3589.00,0.00,5007.00,342.00,116.00,5853.99,1893.32,0.00,35400.00,144410.00,100.00,"***",1674.00,1631.00
"491528","JYCHAS0140000860X9",0.00,25.00,14.00,93.00,33.00,10.31,29.08,12.47,25.76,4010.00,581.00,3599.00,2602.00,205.00,6640.84,1885.58,0.00,28200.00,159210.00,1600.00,"***",1666.00,1622.00
"491529","84D1AS000150050099",0.00,30.00,0.15,106.00,22.00,,,2.43,9.71,2234.00,0.00,4980.00,341.00,0.00,4580.55,1816.48,0.00,30300.00,152510.00,2000.00,"***",,1656.00
"491530","84D1AS000150050099",0.00,30.00,0.15,109.00,25.00,4.68,18.11,3.38,8.34,2383.00,0.00,4990.00,338.00,0.00,4722.93,1826.69,0.00,30800.00,154510.00,3200.00,"***",1654.00,1606.00
"491531","JYCHAS0140000860X9",0.00,25.00,14.00,99.00,32.00,,,10.49,18.49,3684.00,572.00,4406.00,1691.00,176.00,6419.35,1971.16,0.00,26500.00,154410.00,3000.00,"***",1670.00,1631.00
"491533","84D1AS000150050099",0.00,30.00,0.15,108.00,32.00,,,2.77,9.73,2205.00,572.00,3314.00,3340.00,0.00,5063.89,1833.67,0.00,20700.00,155000.00,3200.00,"***",1661.00,1617.00
"491534","84D1AS000150050099",0.00,30.00,0.15,113.00,30.00,,,,,2234.00,575.00,3804.00,2686.00,0.00,5111.92,1879.25,0.00,25900.00,155010.00,1100.00,"***",,1630.00
"491535","84D1AS000150050099",0.00,30.00,0.15,108.00,30.00,,,2.65,11.18,2174.00,575.00,3797.00,2613.00,0.00,5028.67,1860.80,0.00,26900.00,155000.00,0.00,"***",,1658.00
"491536","QECDAA0090000360X9",0.00,25.00,9.00,111.00,34.00,,,,,4438.00,0.00,5123.00,328.00,0.00,6694.62,1971.53,0.00,29070.00,154900.00,0.00,"***",,
"491538","PLZ1AS000150105099",60.00,80.00,0.15,92.00,28.00,,,2.14,21.37,3255.00,0.00,5086.00,337.00,0.00,5579.64,1901.79,0.00,36900.00,152000.00,7800.00,"***",,
"491539","PLZ1AS000150105099",60.00,80.00,0.15,103.00,26.00,,,2.16,17.80,2023.00,0.00,4997.00,0.00,0.00,4279.95,1750.16,0.00,36900.00,151900.00,0.00,"***",1682.00,1642.00
"491540","DDCHAA0110000360X9",0.00,25.00,11.00,102.00,25.00,2.37,16.75,5.12,16.57,2023.00,0.00,5148.00,333.00,0.00,4462.32,1859.93,0.00,38800.00,152210.00,7200.00,"***",1678.00,1656.00
"491541","DDCHAA0090000360X9",0.00,25.00,9.00,102.00,27.00,6.34,15.45,8.79,15.26,3780.00,555.00,4537.00,343.00,0.00,6117.15,1775.70,0.00,26400.00,157810.00,4200.00,"***",1664.00,
"595242","MBA2AA000150010099",0.00,15.00,0.15,109.00,47.00,,,2.54,8.48,5910.00,0.00,6189.00,0.00,0.00,8467.02,2337.87,0.00,31500.00,158110.00,4000.00,"***",1675.00,1618.00
"595243","24JDAA000100010099",0.00,10.00,0.10,109.00,37.00,5.65,9.41,2.61,7.58,6407.00,0.00,5424.00,0.00,0.00,8562.03,2110.27,0.00,30700.00,158500.00,2200.00,"***",,1635.00
"595244","24JDAA000100010099",0.00,10.00,0.10,109.00,35.00,3.22,12.91,,,4612.00,0.00,5670.00,0.00,0.00,7010.76,2101.70,0.00,28400.00,158000.00,1700.00,"***",1693.00,1620.00
"595245","24JDAA000100010099",0.00,10.00,0.10,106.00,42.00,,,2.36,5.90,6045.00,0.00,3535.00,0.00,0.00,7318.65,1468.80,0.00,30300.00,158110.00,2100.00,"***",1674.00,1609.00
"595246","24JDAA000100010099",0.00,10.00,0.10,105.00,64.00,3.26,8.84,,,5783.00,971.00,214.00,1907.00,0.00,6653.98,751.58,0.00,25000.00,158110.00,2400.00,"***",1680.00,1609.00
"595247","MBA2AA000150010099",0.00,15.00,0.15,111.00,34.00,,,,,4383.00,0.00,5390.00,211.00,0.00,6733.02,2035.83,0.00,37100.00,152610.00,8000.00,"***",1685.00,1603.00
"595248","GXCAAS016000145099",0.00,25.00,16.00,107.00,34.00,2.48,7.51,15.24,9.78,6257.00,508.00,2236.00,2437.00,0.00,7980.98,1514.79,0.00,25500.00,153310.00,0.00,"***",1656.00,1606.00
"595249","GXCHAS018000145099",0.00,25.00,18.00,95.00,19.00,3.17,15.33,13.09,14.95,2810.00,0.00,3282.00,0.00,0.00,4188.66,1223.56,0.00,25800.00,155310.00,2100.00,"***",1692.00,1533.00
"595250","GXCHAS018000145099",0.00,25.00,18.00,95.00,19.00,2.95,12.33,,,2725.00,0.00,3151.00,0.00,0.00,4046.73,1176.08,0.00,25300.00,153910.00,1800.00,"***",1687.00,1551.00
"595252","MBA2AA000150010099",0.00,15.00,0.15,104.00,20.00,3.32,13.44,2.07,8.60,3438.00,0.00,5140.00,206.00,0.00,5732.52,1905.18,0.00,32600.00,139210.00,5200.00,"***",1687.00,1613.00
"595254","JYCHAS0140000860X9",0.00,25.00,14.00,113.00,29.00,,,5.92,23.39,3844.00,0.00,5604.00,0.00,0.00,6264.84,2041.52,0.00,30000.00,145810.00,0.00,"***",,1674.00
"595255","JYCHAS0140000860X9",0.00,25.00,14.00,112.00,41.00,8.15,20.90,12.41,20.87,5518.00,0.00,5619.00,0.00,0.00,7828.86,2130.17,0.00,32500.00,154700.00,0.00,"***",1686.00,1621.00
"595256","JYCHAS0140000860X9",0.00,25.00,14.00,103.00,28.00,8.04,26.62,12.31,25.44,4006.00,0.00,5259.00,0.00,0.00,6249.90,1935.77,0.00,31500.00,154510.00,3300.00,"***",1679.00,1638.00
"595257","JYCHAS0140000860X9",0.00,25.00,14.00,104.00,34.00,7.88,15.13,10.69,14.16,4252.00,0.00,5428.00,0.00,0.00,6559.80,2003.84,0.00,30200.00,154410.00,600.00,"***",1670.00,1609.00
"595258","AACHAA0120000360X9",0.00,25.00,12.00,111.00,46.00,,,6.56,16.22,5741.00,0.00,6102.00,217.00,0.00,8339.70,2339.77,0.00,30700.00,154410.00,0.00,"***",1672.00,1641.00
"595259","DDCHAA0090000360X9",0.00,25.00,9.00,102.00,33.00,,,6.60,14.40,5504.00,0.00,5180.00,224.00,0.00,7679.04,2024.92,0.00,30300.00,154510.00,5000.00,"***",1669.00,1623.00
"595262","QECDAA0090000360X9",0.00,25.00,9.00,104.00,31.00,2.86,21.64,,,2953.00,507.00,2218.00,4678.00,0.00,5638.59,1746.98,0.00,16600.00,179710.00,0.00,"***",1666.00,1558.00
"595263","AACHAA0120000360X9",0.00,25.00,12.00,102.00,28.00,,,5.49,9.57,3981.00,0.00,4871.00,221.00,0.00,6113.34,1846.26,0.00,30300.00,154710.00,8000.00,"***",,1636.00
"595264","AACHAA0120000360X9",0.00,25.00,12.00,93.00,26.00,,,6.43,11.05,3382.00,0.00,4515.00,0.00,0.00,5312.46,1659.05,0.00,43000.00,145010.00,0.00,"***",,1648.00
"595265","AACHAA0120000360X9",0.00,25.00,12.00,109.00,26.00,,,9.20,10.53,3854.00,0.00,5242.00,228.00,0.00,6175.62,1963.60,0.00,43100.00,145510.00,8600.00,"***",,1637.00
"595267","PLZ1AS000150105099",60.00,80.00,0.15,106.00,23.00,,,1.79,10.50,4788.00,516.00,2128.00,0.00,0.00,5763.24,967.44,0.00,26000.00,157910.00,3000.00,"***",,1627.00
"491542","DDCHAA0090000360X9",0.00,25.00,9.00,111.00,45.00,7.24,12.84,9.52,13.24,5146.00,0.00,5919.00,340.00,0.00,7739.10,2271.77,0.00,32600.00,150510.00,4400.00,"***",1672.00,1649.00
"491543","DDCHAA0090000360X9",0.00,25.00,9.00,108.00,43.00,4.94,10.37,6.13,11.27,4930.00,0.00,5785.00,338.00,0.00,7473.24,2216.39,0.00,37000.00,150610.00,0.00,"***",1661.00,1645.00
"491544","FVZ1AA000150064099",20.00,35.00,0.15,104.00,22.00,,,3.59,14.66,3718.00,0.00,4733.00,341.00,0.00,5842.11,1809.17,0.00,32600.00,150610.00,8400.00,"***",,1653.00
"491545","FVZ1AA000150064099",20.00,35.00,0.15,104.00,16.00,4.41,22.78,3.32,16.13,2388.00,0.00,4748.00,0.00,0.00,4499.88,1686.24,0.00,31700.00,158110.00,8300.00,"***",1665.00,1618.00
"491546","FVZ1AA000150064099",20.00,35.00,0.15,104.00,14.00,4.00,17.49,2.88,13.93,2168.00,580.00,4465.00,1379.00,0.00,4939.31,1859.07,0.00,30500.00,157910.00,300.00,"***",1693.00,1624.00
"491547","FVZ1AA000150064099",20.00,35.00,0.15,106.00,15.00,,,,,2427.00,0.00,4751.00,341.00,0.00,4650.12,1750.56,0.00,31800.00,157610.00,6100.00,"***",,
"491548","FVZ1AA000150064099",20.00,35.00,0.15,101.00,35.00,,,3.19,16.18,3699.00,0.00,5132.00,341.00,0.00,6015.96,1939.89,0.00,31400.00,156400.00,8100.00,"***",,1628.00
"491549","FVZ1AA000150064099",20.00,35.00,0.15,110.00,42.00,,,2.72,14.96,2647.00,578.00,5436.00,936.00,0.00,5703.55,2123.61,0.00,30800.00,155600.00,5100.00,"***",,1634.00
"491550","DDC1AA0130001200X9",0.00,25.00,13.00,109.00,47.00,5.20,23.11,9.38,22.37,3338.00,0.00,4375.00,338.00,119.00,5315.88,1671.49,0.00,31300.00,155400.00,3700.00,"***",1684.00,
"491551","DDC1AA0130001200X9",0.00,25.00,13.00,105.00,27.00,7.94,18.01,7.60,16.90,2746.00,581.00,2099.00,2630.00,312.00,4754.56,1332.42,0.00,35700.00,152110.00,8200.00,"***",1666.00,
"491552","FVZ1AA000150064099",20.00,35.00,0.15,103.00,27.00,4.78,28.17,,,2487.00,0.00,4526.00,318.00,0.00,4590.33,1675.17,0.00,31400.00,157400.00,0.00,"***",1700.00,1651.00
"491553","DDC1AA0130001200X9",0.00,25.00,13.00,111.00,31.00,,,8.82,11.29,4552.00,0.00,3358.00,318.00,222.00,5950.14,1392.98,0.00,34900.00,152000.00,0.00,"***",,1624.00
"491554","DDC1AA0130001200X9",0.00,25.00,13.00,109.00,33.00,,,10.53,14.47,3771.00,580.00,2392.00,2534.00,351.00,5816.21,1463.03,0.00,34100.00,152200.00,0.00,"***",,1657.00
"491555","DDC1AA0150001250X9",0.00,25.00,15.00,109.00,32.00,,,15.24,18.86,3184.00,0.00,3427.00,332.00,384.00,4715.64,1349.87,0.00,34900.00,152110.00,0.00,"***",,1637.00
"595268","PLZ1AS000150105099",60.00,80.00,0.15,103.00,24.00,,,2.95,13.88,2022.00,513.00,4050.00,1567.00,0.00,4628.85,1745.31,0.00,31500.00,158010.00,6800.00,"***",,1638.00
"595269","FVZ1AA000150064099",20.00,35.00,0.15,107.00,19.00,,,2.02,16.00,2228.00,516.00,4003.00,2006.00,0.00,4944.42,1819.27,0.00,27800.00,158110.00,0.00,"***",,1652.00
"595270","FVZ1AA000150064099",20.00,35.00,0.15,105.00,37.00,,,2.18,17.26,2523.00,513.00,4617.00,1578.00,0.00,5370.57,1959.45,0.00,28000.00,158310.00,3400.00,"***",1683.00,1631.00
"595271","FVZ1AA000150064099",20.00,35.00,0.15,112.00,57.00,,,,,4068.00,514.00,5108.00,3503.00,0.00,7678.91,2545.28,0.00,31400.00,158110.00,8400.00,"***",,1627.00
"595272","FVZ1AA000150064099",20.00,35.00,0.15,112.00,40.00,4.82,14.88,2.81,12.77,2820.00,513.00,4621.00,1936.00,0.00,5766.84,2040.06,0.00,31200.00,158510.00,7900.00,"***",1668.00,1615.00
"595273","FVZ1AA000150064099",20.00,35.00,0.15,106.00,15.00,,,3.00,12.63,2433.00,0.00,4784.00,198.00,0.00,4624.35,1736.01,0.00,31300.00,156310.00,5400.00,"***",,1620.00
"595274","FVZ1AA000150064099",20.00,35.00,0.15,93.00,38.00,5.91,20.58,3.26,15.31,3304.00,511.00,3237.00,4191.00,0.00,6295.67,2013.34,0.00,31700.00,155410.00,7000.00,"***",1674.00,1623.00
"595275","FVZ1AA000150064099",20.00,35.00,0.15,108.00,58.00,,,3.32,10.64,3930.00,508.00,5819.00,2300.00,0.00,7491.50,2556.17,0.00,32100.00,156810.00,6900.00,"***",,1630.00
"595277","FVZ1AA000150064099",20.00,35.00,0.15,109.00,32.00,,,2.62,8.96,2321.00,512.00,3663.00,2566.00,0.00,5050.27,1812.32,0.00,31100.00,155410.00,8000.00,"***",,1642.00
"595278","DDC1AA0130001200X9",0.00,25.00,13.00,118.00,30.00,,,11.25,15.82,3640.00,0.00,3773.00,196.00,365.00,5260.92,1462.37,365.00,35400.00,152110.00,0.00,"***",,1551.00
"595279","DDC1AA0130001200X9",0.00,25.00,13.00,117.00,29.00,,,10.40,14.73,5733.00,0.00,3755.00,0.00,438.00,7134.09,1525.80,438.00,34900.00,152310.00,0.00,"***",,1624.00
"491556","JYCHAS0160001060X9",0.00,25.00,16.00,97.00,25.00,,,10.99,21.01,6525.00,0.00,3551.00,317.00,182.00,7877.34,1555.14,0.00,0.00,185510.00,0.00,"***",1680.00,1611.00
"491557","JYCHAS0140001260X9",0.00,25.00,14.00,104.00,40.00,5.11,10.52,11.99,11.07,5582.00,0.00,4208.00,332.00,248.00,7320.66,1727.50,0.00,25500.00,161010.00,7100.00,"***",1648.00,
"491558","JYCHAS0140001260X9",0.00,25.00,14.00,111.00,37.00,3.41,10.69,8.67,12.56,5110.00,0.00,4237.00,327.00,0.00,6893.97,1712.57,0.00,34900.00,152110.00,8100.00,"***",1668.00,1628.00
"491559","TNZ2AA000180056099",35.00,50.00,0.18,120.00,38.00,,,2.13,17.44,3057.00,0.00,4737.00,307.00,0.00,5218.08,1771.32,0.00,32000.00,157910.00,8500.00,"***",,
"491560","JYCHAS0140001260X9",0.00,25.00,14.00,103.00,50.00,11.00,23.55,11.59,20.34,3333.00,0.00,4629.00,0.00,200.00,5321.61,1694.22,0.00,31700.00,158110.00,8500.00,"***",1643.00,1593.00
"491562","JYCHAS0140001260X9",0.00,25.00,14.00,107.00,52.00,13.93,12.14,10.38,13.60,3689.00,0.00,4894.00,325.00,153.00,5887.14,1857.97,0.00,30500.00,155410.00,6900.00,"***",1655.00,1586.00
"491563","TNZ2AA000180056099",35.00,50.00,0.18,116.00,37.00,,,1.58,13.37,3616.00,0.00,4676.00,0.00,0.00,5607.36,1723.88,0.00,32100.00,157610.00,8200.00,"***",,1644.00
"595282","JYCHAS0160001060X9",0.00,25.00,16.00,110.00,50.00,4.40,13.68,10.26,14.71,6244.00,510.00,5542.00,1222.00,373.00,9155.94,2386.52,373.00,15500.00,168410.00,7600.00,"***",1664.00,1625.00
"595284","TNZ2AA000180056099",35.00,50.00,0.18,109.00,46.00,2.37,27.54,2.47,25.58,2020.00,513.00,4957.00,2221.00,0.00,5278.17,2162.24,0.00,23900.00,161810.00,2500.00,"***",1697.00,1647.00
"595287","JYCHAS0140001260X9",0.00,25.00,14.00,123.00,35.00,3.48,18.45,2.54,18.70,2023.00,511.00,5036.00,1662.00,0.00,5133.29,2087.74,0.00,26900.00,159010.00,7700.00,"***",1694.00,1644.00
"595288","TNZ2AA000180056099",35.00,50.00,0.18,117.00,36.00,,,2.29,17.27,2030.00,511.00,4048.00,3634.00,0.00,5316.32,2117.01,0.00,24700.00,157910.00,0.00,"***",,1633.00
"595289","TNZ2AA000180056099",35.00,50.00,0.18,114.00,36.00,,,1.89,17.55,2021.00,518.00,3395.00,3594.00,0.00,4985.23,1894.22,0.00,33000.00,157610.00,6000.00,"***",,1657.00
"595290","TNZ2AA000180056099",35.00,50.00,0.18,118.00,40.00,,,,,2024.00,511.00,5924.00,828.00,0.00,5285.24,2230.71,0.00,26600.00,157610.00,5900.00,"***",,1641.00
"491564","TNZ2AA000180056099",35.00,50.00,0.18,114.00,49.00,,,2.04,18.22,2019.00,575.00,3999.00,2105.00,0.00,4813.84,1828.27,0.00,30700.00,157710.00,7600.00,"***",1687.00,1627.00
"491567","DVCEAS0140002100X9",0.00,25.00,14.00,109.00,51.00,6.79,18.14,12.72,18.99,3648.00,575.00,3411.00,1134.00,148.00,5726.14,1540.90,0.00,24500.00,168410.00,2000.00,"***",1701.00,1596.00
"491568","TNZ2AA000180056099",35.00,50.00,0.18,105.00,26.00,,,4.22,15.40,2011.00,573.00,3045.00,1720.00,0.00,4220.31,1443.65,0.00,25200.00,158110.00,2300.00,"***",,1620.00
"491569","TNZ2AA000180056099",35.00,50.00,0.18,116.00,28.00,,,2.69,14.70,2442.00,581.00,3356.00,1995.00,0.00,4865.65,1617.73,0.00,27300.00,157910.00,3200.00,"***",1663.00,1622.00
"491570","TNZ2AA000180056099",35.00,50.00,0.18,105.00,40.00,,,3.40,16.21,2018.00,581.00,3302.00,2379.00,0.00,4572.13,1647.83,0.00,31700.00,159610.00,7700.00,"***",,1617.00
"491571","TNZ2AA000180056099",35.00,50.00,0.18,93.00,17.00,,,3.49,10.71,2016.00,581.00,3201.00,1437.00,0.00,4210.93,1444.84,0.00,31900.00,158110.00,7500.00,"***",,1627.00
"491572","JYCHAS0140000660X9",0.00,25.00,14.00,108.00,37.00,12.35,16.77,10.20,13.13,5172.00,0.00,4121.00,335.00,324.00,6898.59,1678.83,0.00,27400.00,152110.00,0.00,"***",1656.00,1586.00
"491574","VCBCAA007000170099",0.00,20.00,7.00,115.00,34.00,,,3.81,8.70,3238.00,578.00,551.00,5303.00,119.00,5349.49,1327.17,0.00,26500.00,157810.00,2600.00,"***",,1602.00
"491576","VCBCAA007000170099",0.00,20.00,7.00,105.00,30.00,,,3.81,10.65,3942.00,4438.00,2025.00,1435.00,124.00,7596.89,1345.55,0.00,25300.00,160530.00,2500.00,"***",,1609.00
"491577","32Z2AA000190056099",40.00,55.00,0.19,106.00,33.00,3.95,16.13,,,2423.00,570.00,486.00,4674.00,118.00,4348.29,1151.35,0.00,22300.00,172530.00,2400.00,"***",1680.00,1626.00
"491580","DDC1AA0150001250X9",0.00,25.00,15.00,106.00,33.00,,,10.30,17.98,3018.00,570.00,2769.00,351.00,0.00,4570.89,1156.35,0.00,34800.00,152530.00,6500.00,"***",1683.00,1642.00
"491581","DDC1AA0150001250X9",0.00,25.00,15.00,118.00,22.00,3.73,12.34,12.51,14.43,4756.00,0.00,3038.00,335.00,163.00,5991.87,1300.64,0.00,35400.00,164230.00,0.00,"***",1664.00,1586.00
"491582","DDC1AA0130001200X9",0.00,25.00,13.00,109.00,23.00,,,10.48,21.87,3499.00,0.00,2617.00,312.00,386.00,4613.19,1094.72,0.00,34900.00,152630.00,3200.00,"***",,1654.00
"491583","24JDAA000100010099",0.00,10.00,0.10,108.00,30.00,,,,,5088.00,573.00,2551.00,2640.00,132.00,7148.40,1600.08,0.00,27100.00,163130.00,2000.00,"***",,1642.00
"491585","DDC1AA0120000860X9",0.00,25.00,12.00,118.00,37.00,3.97,12.65,9.27,13.66,7018.00,0.00,4473.00,369.00,310.00,8795.55,1893.41,0.00,27600.00,159830.00,100.00,"***",1649.00,1615.00
"491586","DDC1AA0120000860X9",0.00,25.00,12.00,111.00,32.00,7.39,13.01,11.08,14.62,5024.00,0.00,3676.00,363.00,333.00,6556.59,1529.62,0.00,26200.00,154530.00,0.00,"***",1668.00,1631.00
"491587","DDC1AA0120000860X9",0.00,25.00,12.00,109.00,32.00,14.42,16.22,,,3698.00,521.00,3679.00,338.00,222.00,5608.36,1485.86,0.00,27200.00,157130.00,0.00,"***",1640.00,
"491588","QECDAA0090000360X9",0.00,25.00,9.00,110.00,31.00,,,7.59,10.12,7105.00,442.00,3603.00,441.00,0.00,8730.14,1645.72,0.00,25300.00,151630.00,1600.00,"***",1644.00,1602.00
"595291","TNZ2AA000180056099",35.00,50.00,0.18,113.00,65.00,,,2.38,28.23,2022.00,0.00,7127.00,208.00,0.00,5370.06,2490.45,0.00,31400.00,158210.00,8100.00,"***",1700.00,1649.00
"595292","TNZ2AA000180056099",35.00,50.00,0.18,120.00,72.00,,,1.98,17.09,2302.00,517.00,7377.00,3832.00,0.00,7235.90,3265.12,0.00,31200.00,157410.00,7700.00,"***",,1636.00
"595294","TNZ2AA000180056099",35.00,50.00,0.18,117.00,35.00,,,2.84,19.84,4158.00,0.00,6205.00,212.00,0.00,6915.30,2293.71,0.00,25900.00,157110.00,2400.00,"***",,1670.00
"595295","DVCEAS0140002100X9",0.00,25.00,14.00,120.00,72.00,3.34,10.51,10.12,12.18,7484.00,0.00,6887.00,212.00,0.00,10335.84,2685.07,0.00,31300.00,157910.00,8000.00,"***",1685.00,1551.00
"595296","DVCEAS0140002100X9",0.00,25.00,14.00,110.00,70.00,6.14,14.08,9.22,14.99,3448.00,499.00,5725.00,313.00,142.00,6337.37,2142.94,142.00,25900.00,152410.00,3700.00,"***",1669.00,1598.00
"595298","JYCHAS0140000660X9",0.00,25.00,14.00,100.00,25.00,,,11.26,14.81,3747.00,0.00,4916.00,213.00,0.00,5914.68,1847.97,0.00,35700.00,159110.00,7500.00,"***",,1621.00
"595299","TNZ2AA000180056099",35.00,50.00,0.18,112.00,77.00,,,,,1592.00,514.00,4917.00,4582.00,0.00,5640.62,2552.67,0.00,31400.00,152410.00,0.00,"***",,1672.00
"595301","55Z2AA000180070099",70.00,90.00,0.18,114.00,57.00,4.09,29.63,2.96,56.21,2025.00,510.00,5234.00,3282.00,0.00,5764.23,2444.73,0.00,25200.00,157810.00,1900.00,"***",1707.00,1652.00
"595302","55Z2AA000180070099",70.00,90.00,0.18,101.00,27.00,4.49,19.89,3.25,56.84,2022.00,516.00,3486.00,2598.00,0.00,4700.04,1744.92,0.00,32300.00,158800.00,9000.00,"***",1685.00,1642.00
"595304","DDC1AA0150001250X9",0.00,25.00,15.00,110.00,32.00,,,3.06,17.79,2024.00,511.00,2675.00,4367.00,0.00,4893.59,1795.56,0.00,27500.00,164130.00,7200.00,"***",,
"595305","24JDAA000100010099",0.00,10.00,0.10,109.00,34.00,,,4.22,13.01,4392.00,514.00,3275.00,3536.00,0.00,7111.28,1962.53,0.00,27300.00,161730.00,0.00,"***",1659.00,
"595309","DDC1AA0130001200X9",0.00,25.00,13.00,110.00,22.00,11.63,22.91,10.01,16.16,3905.00,0.00,3254.00,202.00,362.00,5260.23,1305.43,362.00,26600.00,159630.00,1900.00,"***",1671.00,1604.00
"595310","DDC1AA0120000860X9",0.00,25.00,12.00,100.00,16.00,,,9.20,16.62,5483.00,0.00,4563.00,0.00,222.00,7289.43,1779.94,222.00,26600.00,167030.00,2000.00,"***",,1605.00
"595312","MBA2AA000150010099",0.00,15.00,0.15,116.00,44.00,,,4.36,13.03,6981.00,512.00,6121.00,1110.00,354.00,10083.43,2594.38,354.00,28600.00,161330.00,0.00,"***",,1623.00
"595313","MBA2AA000150010099",0.00,15.00,0.15,115.00,31.00,8.64,13.54,4.88,10.10,4972.00,508.00,5311.00,515.00,249.00,7627.67,2119.33,249.00,27700.00,161430.00,0.00,"***",1684.00,1624.00
"491589","AACHAA0110000450X9",0.00,25.00,11.00,114.00,30.00,,,,,4463.00,575.00,3013.00,1817.00,0.00,6518.44,1573.25,0.00,26300.00,160030.00,2200.00,"***",,1628.00
"491590","VJQ1AA000150015099",0.00,12.00,0.15,108.00,18.00,,,2.43,9.98,4949.00,0.00,3730.00,330.00,0.00,6501.87,1537.75,0.00,28300.00,161330.00,7500.00,"***",,1649.00
"491591","VJQ1AA000150015099",0.00,12.00,0.15,105.00,12.00,,,1.86,10.90,4858.00,0.00,3727.00,0.00,0.00,6306.90,1472.81,0.00,28100.00,160530.00,8500.00,"***",,1637.00
"491592","VJQ1AA000150015099",0.00,12.00,0.15,119.00,30.00,,,2.01,11.57,5648.00,598.00,4208.00,336.00,0.00,7718.24,1761.42,0.00,27800.00,161730.00,7900.00,"***",1693.00,1634.00
"491593","VJQ1AA000150015099",0.00,12.00,0.15,94.00,10.00,,,,,4540.00,0.00,3727.00,326.00,150.00,6118.74,1515.59,0.00,22100.00,161830.00,2800.00,"***",,1637.00
"491594","VJQ1AA000150015099",0.00,12.00,0.15,120.00,34.00,5.02,10.40,3.17,6.66,6707.00,0.00,4491.00,326.00,0.00,8500.77,1876.06,0.00,28200.00,163330.00,8700.00,"***",,1606.00
"491595","VJQ1AA000150015099",0.00,12.00,0.15,115.00,32.00,,,2.98,10.23,6960.00,1035.00,2491.00,3811.00,0.00,9505.71,1907.76,0.00,27200.00,161730.00,7600.00,"***",,
"491596","VJQ1AA000150015099",0.00,12.00,0.15,126.00,31.00,,,2.83,8.07,6173.00,0.00,4287.00,0.00,325.00,7798.65,1723.36,0.00,32300.00,157830.00,0.00,"***",,1605.00
"491597","RJZ1AS004000021099",25.00,50.00,4.00,111.00,38.00,3.91,21.06,2.64,27.87,2028.00,581.00,4357.00,1143.00,0.00,4679.95,1774.00,0.00,38400.00,151630.00,0.00,"***",1658.00,1635.00
"491598","RJZ1AS004000021099",25.00,50.00,4.00,106.00,26.00,,,2.39,17.01,2023.00,0.00,4003.00,321.00,0.00,3908.76,1479.92,0.00,38000.00,148330.00,0.00,"***",,1638.00
"491599","RJZ1AS004000021099",25.00,50.00,4.00,125.00,48.00,,,3.61,33.91,3328.00,577.00,6183.00,615.00,0.00,6588.95,2346.34,0.00,32100.00,148330.00,0.00,"***",1655.00,1650.00
"491600","RJZ1AS004000021099",25.00,50.00,4.00,125.00,50.00,,,3.09,32.20,3655.00,0.00,5755.00,320.00,0.00,6267.15,2139.50,0.00,38700.00,147930.00,0.00,"***",1651.00,1625.00
"491601","RJZ1AS004000021099",25.00,50.00,4.00,116.00,52.00,,,3.76,8.88,3443.00,0.00,5873.00,298.00,0.00,6119.37,2163.88,0.00,38700.00,148430.00,0.00,"***",1616.00,1602.00
"491602","RJZ1AS004000021099",25.00,50.00,4.00,125.00,54.00,5.64,8.92,4.18,28.37,3789.00,0.00,6008.00,295.00,0.00,6504.96,2225.19,0.00,38100.00,148330.00,0.00,"***",1622.00,1580.00
"491604","24JDAA000100010099",0.00,10.00,0.10,106.00,39.00,,,3.88,11.87,4725.00,1035.00,3553.00,1776.00,334.00,7265.37,1780.17,0.00,30400.00,152830.00,0.00,"***",,1625.00
"491606","MBA2AA000150010099",0.00,15.00,0.15,87.00,33.00,5.18,17.57,4.15,10.03,4389.00,581.00,3421.00,1049.00,151.00,6395.38,1566.25,0.00,32100.00,158230.00,0.00,"***",1673.00,
"491607","24JDAA000100010099",0.00,10.00,0.10,116.00,26.00,5.71,10.69,3.72,8.91,4395.00,1051.00,4192.00,317.00,0.00,6792.68,1712.72,0.00,31600.00,157830.00,0.00,"***",1675.00,1620.00
"491609","MBA2AA000150010099",0.00,15.00,0.15,117.00,20.00,,,,,5729.00,0.00,4200.00,334.00,121.00,7454.19,1732.57,0.00,31500.00,158030.00,4700.00,"***",,1650.00
"491610","24JDAA000100010099",0.00,10.00,0.10,115.00,20.00,,,,,4955.00,0.00,4189.00,331.00,182.00,6728.10,1689.70,0.00,31100.00,158030.00,1700.00,"***",,1627.00
"491611","24JDAA000100010099",0.00,10.00,0.10,118.00,31.00,6.47,15.39,3.13,12.78,4618.00,1043.00,2571.00,3568.00,174.00,7290.34,1773.72,0.00,30200.00,158030.00,1700.00,"***",,1648.00
"491613","24JDAA000100010099",0.00,10.00,0.10,116.00,27.00,,,3.58,8.70,5198.00,1045.00,2058.00,4386.00,209.00,7854.56,1780.77,0.00,30800.00,158730.00,700.00,"***",,1609.00
"595315","QECDAA0090000360X9",0.00,25.00,9.00,110.00,30.00,,,5.66,14.35,4327.00,0.00,4569.00,211.00,0.00,6286.86,1762.10,0.00,26300.00,161730.00,2300.00,"***",,1629.00
"595316","DDCHAA0110000360X9",0.00,25.00,11.00,107.00,22.00,,,6.98,12.78,4183.00,0.00,4567.00,208.00,0.00,6150.99,1753.70,0.00,27600.00,160030.00,7300.00,"***",,1634.00
"595317","VJQ1AA000150015099",0.00,12.00,0.15,97.00,16.00,,,1.66,11.90,3885.00,0.00,4790.00,208.00,0.00,5980.89,1812.39,0.00,28000.00,159430.00,8300.00,"***",,1532.00
"595320","VJQ1AA000150015099",0.00,12.00,0.15,119.00,31.00,5.93,13.47,3.31,12.55,4807.00,974.00,4305.00,2328.00,0.00,7850.59,2128.74,0.00,27800.00,161630.00,8100.00,"***",1678.00,1634.00
"595321","VJQ1AA000150015099",0.00,12.00,0.15,102.00,21.00,3.56,21.52,2.31,11.58,4807.00,977.00,4230.00,1301.00,231.00,7477.36,1919.28,231.00,27200.00,161830.00,0.00,"***",1685.00,1622.00
"595322","RJZ1AS004000021099",25.00,50.00,4.00,130.00,17.00,4.52,12.98,3.68,27.38,2358.00,0.00,5682.00,199.00,0.00,4985.97,2028.78,0.00,39100.00,150130.00,0.00,"***",1654.00,1623.00
"595323","VJQ1AA000150015099",0.00,12.00,0.15,112.00,22.00,,,2.07,15.75,5248.00,0.00,4691.00,0.00,0.00,7132.32,1810.43,0.00,34400.00,158030.00,7300.00,"***",,1542.00
"595324","VJQ1AA000150015099",0.00,12.00,0.15,115.00,37.00,4.40,12.17,3.30,9.69,6067.00,0.00,5947.00,193.00,0.00,8560.56,2300.60,0.00,30700.00,158230.00,0.00,"***",1684.00,
"595325","VJQ1AA000150015099",0.00,12.00,0.15,123.00,34.00,,,3.66,11.60,5821.00,0.00,5715.00,195.00,368.00,8221.08,2212.10,368.00,31100.00,158230.00,0.00,"***",,1617.00
"595326","RJZ1AS004000021099",25.00,50.00,4.00,106.00,21.00,3.96,18.88,3.57,19.33,2020.00,517.00,5436.00,190.00,0.00,4840.10,1954.93,0.00,39000.00,148530.00,0.00,"***",1661.00,1627.00
"595327","GXCBAS015000155099",0.00,25.00,15.00,110.00,22.00,6.73,18.18,11.57,18.04,4788.00,0.00,3134.00,0.00,384.00,5957.16,1273.62,384.00,25500.00,153230.00,0.00,"***",1706.00,1612.00
"595329","GXCHAS018000145099",0.00,25.00,18.00,113.00,36.00,,,12.56,18.81,3513.00,0.00,3570.00,187.00,449.00,5042.40,1387.41,449.00,33700.00,145830.00,0.00,"***",1678.00,1604.00
"595331","GXCHAS018000145099",0.00,25.00,18.00,123.00,49.00,11.43,13.36,13.45,13.49,4504.00,0.00,5021.00,188.00,445.00,6660.84,1915.97,445.00,26000.00,154730.00,0.00,"***",1664.00,1603.00
"595333","GXCBAS018000145099",0.00,25.00,18.00,115.00,47.00,,,10.79,10.88,10779.00,0.00,6876.00,189.00,364.00,13387.32,2842.05,364.00,30500.00,157830.00,0.00,"***",,1596.00
"595335","24JDAA000100010099",0.00,10.00,0.10,117.00,28.00,,,,,5003.00,0.00,5379.00,199.00,163.00,7300.38,2061.04,163.00,31200.00,157930.00,2800.00,"***",,1629.00
"491614","24JDAA000100010099",0.00,10.00,0.10,121.00,51.00,,,10.34,10.08,8639.00,586.00,5621.00,332.00,242.00,11170.07,2375.94,0.00,30900.00,157930.00,3100.00,"***",,1613.00
"491615","MBA2AA000150010099",0.00,15.00,0.15,132.00,45.00,4.88,9.20,,,8693.00,0.00,5222.00,338.00,390.00,10702.59,2218.75,0.00,30900.00,158030.00,0.00,"***",1661.00,1612.00
"491616","24JDAA000100010099",0.00,10.00,0.10,120.00,33.00,,,2.57,9.19,5533.00,0.00,4389.00,338.00,0.00,7363.95,1785.86,0.00,31200.00,158030.00,7300.00,"***",,1623.00
"491618","MBA2AA000150010099",0.00,15.00,0.15,111.00,30.00,,,2.48,10.42,4573.00,580.00,3318.00,1235.00,170.00,6577.88,1574.89,0.00,31100.00,156630.00,2600.00,"***",,1632.00
"491619","MBA2AA000150010099",0.00,15.00,0.15,111.00,34.00,,,,,5314.00,0.00,3989.00,321.00,199.00,6962.67,1639.85,0.00,30800.00,157630.00,2100.00,"***",,1640.00
"491621","GBNHAS0450001260X9",0.00,22.00,45.00,119.00,31.00,6.82,8.74,35.76,10.33,7350.00,0.00,4369.00,327.00,329.00,9040.53,1868.13,0.00,32200.00,148630.00,8500.00,"***",1652.00,1573.00
"491622","GBNHAS0450001260X9",0.00,22.00,45.00,113.00,26.00,,,32.73,12.51,5944.00,0.00,3824.00,326.00,332.00,7471.02,1617.80,0.00,33200.00,147830.00,7600.00,"***",,1599.00
"491623","MBA2AA000150010099",0.00,15.00,0.15,121.00,21.00,,,2.33,8.00,5543.00,0.00,4339.00,332.00,205.00,7347.27,1768.78,0.00,35300.00,146730.00,1400.00,"***",,1629.00
"491624","32Z2AA000190056099",40.00,55.00,0.19,116.00,29.00,,,1.97,8.91,4688.00,0.00,4204.00,330.00,219.00,6486.66,1681.12,0.00,32000.00,157400.00,0.00,"***",,1629.00
"491625","24JDAA000100010099",0.00,10.00,0.10,123.00,47.00,,,2.02,11.41,5478.00,1041.00,4809.00,1483.00,335.00,8475.21,2179.86,0.00,25300.00,157430.00,2600.00,"***",,1655.00
"491627","55Z2AA000180070099",70.00,90.00,0.18,99.00,20.00,,,3.57,11.63,2029.00,578.00,2736.00,2323.00,0.00,4290.52,1451.37,0.00,31500.00,158230.00,1800.00,"***",,1619.00
"491628","AACHAA0120000360X9",0.00,25.00,12.00,115.00,45.00,4.06,8.82,7.71,10.71,7779.00,577.00,4900.00,728.00,0.00,10149.83,2165.84,0.00,25300.00,157930.00,0.00,"***",1639.00,1608.00
"491630","BXCDAS015000140099",0.00,25.00,15.00,125.00,23.00,,,11.74,15.08,3076.00,575.00,1856.00,2148.00,360.00,4782.40,1181.67,0.00,25300.00,153330.00,1500.00,"***",,1602.00
"491631","KCCBAS007000120099",0.00,25.00,7.00,118.00,32.00,,,4.39,17.16,2843.00,577.00,133.00,5740.00,142.00,4925.15,1248.09,0.00,25700.00,153230.00,0.00,"***",,1658.00
"491632","AACHAA0120000360X9",0.00,25.00,12.00,105.00,37.00,,,8.33,13.03,4827.00,577.00,2800.00,2637.00,0.00,7026.44,1668.86,0.00,25500.00,152630.00,0.00,"***",,1633.00
"491633","AACHAA0120000360X9",0.00,25.00,12.00,116.00,47.00,,,12.00,9.47,7978.00,0.00,5351.00,603.00,0.00,10187.01,2273.27,0.00,37000.00,150530.00,0.00,"***",,
"491635","DVCEAS0140002100X9",0.00,25.00,14.00,114.00,51.00,9.62,16.45,10.92,10.96,4005.00,578.00,2733.00,1842.00,402.00,5968.03,1462.60,0.00,24900.00,150730.00,2300.00,"***",1669.00,
"491636","GWCDAA008000086099",0.00,25.00,8.00,117.00,50.00,9.72,15.89,,,6608.00,569.00,4218.00,2500.00,317.00,9313.72,2200.79,0.00,25900.00,153030.00,0.00,"***",1662.00,1616.00
"595338","GJCBAS013000100099",0.00,25.00,13.00,115.00,20.00,,,7.77,14.17,5122.00,0.00,5129.00,198.00,141.00,7290.72,1984.31,141.00,30800.00,157930.00,2100.00,"***",,1540.00
"595340","24JDAA000100010099",0.00,10.00,0.10,119.00,32.00,,,3.36,10.32,8607.00,0.00,5558.00,201.00,0.00,10738.68,2300.67,0.00,31200.00,158130.00,5500.00,"***",,1652.00
"595342","ILICAS0460000660X9",0.00,23.00,46.00,114.00,33.00,4.00,21.73,35.37,17.40,3980.00,508.00,967.00,4604.00,0.00,5969.36,1372.23,0.00,31200.00,153830.00,5100.00,"***",1659.00,1551.00
"595343","ILI1AS0460000660X9",0.00,23.00,46.00,112.00,37.00,,,33.84,12.83,5195.00,0.00,5273.00,0.00,240.00,7362.39,1999.84,240.00,39700.00,141830.00,0.00,"***",,
"595344","ILI1AS0460000660X9",0.00,23.00,46.00,107.00,40.00,7.71,16.65,37.97,17.04,4422.00,0.00,5783.00,0.00,262.00,6888.30,2129.49,262.00,40700.00,149630.00,0.00,"***",1672.00,1618.00
"595345","GBNHAS0450001260X9",0.00,22.00,45.00,107.00,39.00,,,27.92,12.32,7076.00,0.00,5469.00,203.00,243.00,9272.79,2195.11,243.00,38500.00,147430.00,7300.00,"***",,1544.00
"595346","24JDAA000100010099",0.00,10.00,0.10,102.00,32.00,,,2.46,8.91,5488.00,973.00,3149.00,3451.00,173.00,8299.07,1983.40,173.00,30400.00,157630.00,1500.00,"***",,1620.00
"595347","24JDAA000100010099",0.00,10.00,0.10,105.00,30.00,,,4.20,11.37,5934.00,976.00,3608.00,2301.00,169.00,8556.35,1950.32,169.00,30200.00,157530.00,2000.00,"***",,1638.00
"595349","32Z2AA000190056099",40.00,55.00,0.19,108.00,22.00,2.95,23.49,2.56,19.49,2568.00,512.00,3630.00,2299.00,0.00,5176.03,1765.72,0.00,31900.00,154130.00,4300.00,"***",1683.00,1648.00
"595352","DDCHAA0110000360X9",0.00,25.00,11.00,106.00,29.00,,,9.61,10.35,3637.00,521.00,4436.00,369.00,0.00,5925.22,1738.20,0.00,31000.00,152130.00,8000.00,"***",,1649.00
"595354","AACHAA0120000360X9",0.00,25.00,12.00,119.00,36.00,,,,,5779.00,0.00,5891.00,203.00,0.00,8269.14,2269.52,0.00,38000.00,150730.00,4800.00,"***",,1634.00
"595355","AACHAA0120000360X9",0.00,25.00,12.00,120.00,45.00,,,7.02,10.19,6967.00,0.00,6605.00,205.00,0.00,9717.36,2564.90,0.00,36600.00,150730.00,4900.00,"***",1647.00,
"595356","AACHAA0120000360X9",0.00,25.00,12.00,122.00,55.00,5.16,9.12,7.68,9.75,7792.00,0.00,7319.00,204.00,0.00,10827.00,2841.59,0.00,28200.00,150530.00,7100.00,"***",1665.00,1638.00
"595357","KCCBAS007000120099",0.00,25.00,7.00,114.00,34.00,,,,,2505.00,515.00,3105.00,760.00,359.00,4359.25,1312.45,359.00,25500.00,153030.00,1900.00,"***",1666.00,1637.00
"595358","AACHAA0120000360X9",0.00,25.00,12.00,107.00,26.00,,,10.35,15.80,3842.00,0.00,4828.00,183.00,0.00,5950.89,1818.28,0.00,36900.00,150630.00,4600.00,"***",,1654.00
"595359","GWCHAA008000086099",0.00,25.00,8.00,111.00,46.00,,,6.33,16.24,4068.00,0.00,6032.00,184.00,0.00,6739.32,2227.08,0.00,36500.00,151530.00,7600.00,"***",1676.00,1650.00
"595361","LICDAA010000096099",0.00,25.00,10.00,131.00,42.00,7.43,15.85,7.10,16.83,6714.00,509.00,4728.00,2862.00,361.00,9742.96,2436.55,361.00,25300.00,153330.00,2200.00,"***",1683.00,1639.00
"595362","MBA2AA000150010099",0.00,15.00,0.15,105.00,56.00,5.34,11.40,3.50,9.85,8809.00,0.00,6818.00,188.00,345.00,11527.05,2724.23,345.00,30700.00,158130.00,1900.00,"***",1676.00,1551.00
"491637","KHCEAA0160000360X9",0.00,25.00,16.00,116.00,51.00,,,9.10,13.07,8711.00,0.00,5440.00,0.00,202.00,10712.43,2230.75,0.00,24500.00,150130.00,1600.00,"***",1663.00,1594.00
"491639","24JDAA000100010099",0.00,10.00,0.10,117.00,57.00,,,3.82,5.41,6132.00,1032.00,4305.00,3635.00,0.00,9546.63,2433.15,0.00,31500.00,158030.00,7100.00,"***",,1591.00
"491640","24JDAA000100010099",0.00,10.00,0.10,115.00,39.00,,,3.59,9.07,6461.00,1029.00,2928.00,3930.00,228.00,9287.31,2048.14,0.00,30200.00,157930.00,2100.00,"***",,1648.00
"491641","DDC1AA0160000360X9",0.00,25.00,16.00,119.00,40.00,5.90,8.96,6.57,8.94,6558.00,566.00,3128.00,3771.00,0.00,9161.77,2067.22,0.00,30200.00,157530.00,0.00,"***",,1630.00
"491643","MBA2AA000150010099",0.00,15.00,0.15,104.00,23.00,,,2.19,9.87,4412.00,567.00,2603.00,2543.00,0.00,6509.31,1565.68,0.00,31600.00,158030.00,7600.00,"***",,1616.00
"491644","24JDAA000100010099",0.00,10.00,0.10,111.00,24.00,,,3.91,7.68,5895.00,1046.00,2719.00,2300.00,179.00,8132.23,1658.32,0.00,31000.00,158030.00,2200.00,"***",,1594.00
"491645","24JDAA000100010099",0.00,10.00,0.10,115.00,26.00,,,2.49,9.90,6756.00,1040.00,2206.00,4097.00,249.00,9276.37,1855.24,0.00,26600.00,157030.00,0.00,"***",1670.00,1613.00
"491646","MYCCAA010000136099",0.00,25.00,10.00,123.00,26.00,4.05,20.13,7.22,15.86,5388.00,573.00,2166.00,1545.00,122.00,6881.25,1290.93,0.00,25400.00,152530.00,2400.00,"***",1656.00,1592.00
"491647","24JDAA000100010099",0.00,10.00,0.10,100.00,17.00,,,2.46,13.26,4172.00,809.00,3736.00,333.00,199.00,6236.17,1541.87,0.00,30600.00,158200.00,1500.00,"***",,1639.00
"491648","24JDAA000100010099",0.00,10.00,0.10,114.00,29.00,,,2.56,12.40,4502.00,881.00,3721.00,339.00,185.00,6578.17,1558.10,0.00,30300.00,157500.00,2200.00,"***",,1641.00
"491649","24JDAA000100010099",0.00,10.00,0.10,107.00,28.00,,,2.21,16.24,4196.00,1037.00,4157.00,2080.00,176.00,7164.76,2007.86,0.00,30700.00,157530.00,2100.00,"***",,1666.00
"491650","24JDAA000100010099",0.00,10.00,0.10,120.00,27.00,,,,,5248.00,1034.00,3469.00,1824.00,329.00,7726.72,1787.19,0.00,30600.00,157530.00,0.00,"***",,1617.00
"491651","24JDAA000100010099",0.00,10.00,0.10,113.00,26.00,4.94,15.31,,,4648.00,1034.00,1051.00,5563.00,167.00,7241.95,1632.27,0.00,25800.00,164630.00,2900.00,"***",1684.00,
"491652","24JDAA000100010099",0.00,10.00,0.10,111.00,28.00,3.36,15.40,2.29,13.21,4331.00,1041.00,1019.00,5613.00,159.00,6952.20,1615.21,0.00,30900.00,157930.00,2900.00,"***",1693.00,1647.00
"491654","61CCAS015000220099",0.00,25.00,15.00,119.00,28.00,3.30,12.35,10.24,12.13,5579.00,0.00,4182.00,338.00,130.00,7307.37,1719.85,0.00,32000.00,152830.00,4500.00,"***",1663.00,1614.00
"491655","24JDAA000100010099",0.00,10.00,0.10,110.00,19.00,,,2.76,12.82,4538.00,0.00,3880.00,0.00,181.00,6082.74,1507.30,0.00,30200.00,156330.00,2000.00,"***",,1628.00
"491656","24JDAA000100010099",0.00,10.00,0.10,116.00,29.00,,,3.23,10.34,5711.00,0.00,4205.00,332.00,151.00,7439.19,1732.96,0.00,31400.00,158430.00,3100.00,"***",1689.00,1623.00
"491657","24JDAA000100010099",0.00,10.00,0.10,116.00,16.00,3.04,14.08,2.33,10.09,5735.00,0.00,4204.00,332.00,202.00,7461.03,1733.83,0.00,30500.00,159030.00,1500.00,"***",1670.00,1616.00
"491660","21Q1AA000100010099",0.00,12.00,0.10,118.00,39.00,3.83,14.98,2.68,9.66,3791.00,580.00,2665.00,2566.00,405.00,5976.41,1559.88,0.00,25300.00,152600.00,2000.00,"***",1680.00,1619.00
"595363","DDC1AA0160000360X9",0.00,25.00,16.00,121.00,46.00,7.28,13.68,14.20,14.75,7031.00,0.00,6796.00,185.00,0.00,9861.96,2627.53,0.00,30900.00,157830.00,2600.00,"***",1696.00,1538.00
"595364","MBA2AA000150010099",0.00,15.00,0.15,119.00,53.00,8.09,10.17,,,7571.00,0.00,7382.00,183.00,0.00,10644.78,2847.55,0.00,34600.00,152600.00,7800.00,"***",1693.00,1624.00
"595365","24JDAA000100010099",0.00,10.00,0.10,118.00,65.00,,,4.39,9.63,7820.00,977.00,3556.00,2158.00,219.00,10238.74,2001.77,219.00,30300.00,158430.00,900.00,"***",,1536.00
"595366","DDC1AA0160000360X9",0.00,25.00,16.00,107.00,17.00,,,10.84,13.48,3917.00,515.00,3499.00,2709.00,145.00,6504.70,1863.89,145.00,31300.00,157630.00,2900.00,"***",,1546.00
"595367","MBA2AA000150010099",0.00,15.00,0.15,117.00,17.00,,,2.08,10.68,6387.00,0.00,5369.00,195.00,0.00,8581.38,2126.22,0.00,31600.00,158330.00,7700.00,"***",,1673.00
"595368","73CBAA010000150099",0.00,25.00,10.00,140.00,25.00,,,7.39,18.71,3701.00,512.00,2129.00,2828.00,353.00,5683.81,1422.26,353.00,25600.00,155130.00,2000.00,"***",,
"595369","73CBAA010000150099",0.00,25.00,10.00,123.00,33.00,,,9.01,18.41,3821.00,511.00,2386.00,2592.00,345.00,5840.33,1470.54,345.00,25400.00,154830.00,2000.00,"***",,1623.00
"595370","AAC3AA0040000210X9",0.00,25.00,4.00,123.00,37.00,,,2.89,10.75,6296.00,0.00,6022.00,179.00,229.00,8804.91,2334.28,229.00,30500.00,157430.00,1600.00,"***",1677.00,1548.00
"595371","AAC3AA0040000210X9",0.00,25.00,4.00,124.00,27.00,,,1.95,10.18,4606.00,509.00,1653.00,3638.00,139.00,6562.60,1456.08,139.00,25300.00,152730.00,2500.00,"***",,1638.00
"595372","AAC3AA0040000210X9",0.00,25.00,4.00,109.00,26.00,,,3.04,11.67,2505.00,509.00,3864.00,1926.00,0.00,5104.99,1772.50,0.00,30300.00,157430.00,1400.00,"***",1659.00,1615.00
"595373","AAC3AA0040000210X9",0.00,25.00,4.00,112.00,32.00,,,2.78,13.26,4194.00,512.00,5023.00,489.00,0.00,6759.55,1980.91,0.00,38100.00,148030.00,8400.00,"***",,1601.00
"595374","AAC3AA0040000210X9",0.00,25.00,4.00,120.00,34.00,,,4.90,13.14,3848.00,0.00,6075.00,198.00,0.00,6559.98,2232.79,0.00,38600.00,149130.00,7100.00,"***",1697.00,1635.00
"595377","61CCAS015000220099",0.00,25.00,15.00,121.00,37.00,5.44,18.68,11.13,18.51,3350.00,0.00,4077.00,205.00,377.00,5140.11,1549.81,377.00,25400.00,153430.00,1500.00,"***",1654.00,1531.00
"595379","WBCAAS010000200099",0.00,25.00,10.00,126.00,41.00,7.41,12.01,8.45,13.55,3635.00,0.00,4377.00,197.00,389.00,5546.52,1661.62,389.00,25700.00,153130.00,2900.00,"***",1659.00,
"595380","24JDAA000100010099",0.00,10.00,0.10,111.00,22.00,4.96,17.43,3.15,12.49,3634.00,0.00,3136.00,286.00,163.00,4979.28,1268.06,163.00,25300.00,153030.00,2200.00,"***",1668.00,1615.00
"595381","WBCAAS010000200099",0.00,25.00,10.00,107.00,17.00,7.80,13.23,8.80,14.00,3659.00,0.00,3158.00,262.00,167.00,5005.17,1272.25,167.00,25600.00,154630.00,2000.00,"***",1683.00,
"595382","ZGCBAS018000160099",0.00,25.00,18.00,118.00,39.00,,,,,3613.00,0.00,6614.00,197.00,0.00,6599.82,2398.73,0.00,38500.00,152230.00,7900.00,"***",1655.00,
"595384","VJQ1AA000150015099",0.00,12.00,0.15,119.00,32.00,,,2.38,7.11,8268.00,0.00,6028.00,203.00,139.00,10649.67,2439.18,139.00,37200.00,152430.00,3900.00,"***",,
"595385","VJQ1AA000150015099",0.00,12.00,0.15,125.00,32.00,,,3.59,8.17,5765.00,0.00,5948.00,202.00,145.00,8283.15,2287.45,145.00,37100.00,152530.00,4900.00,"***",,1616.00
"491661","ZICHAS018000145099",0.00,25.00,18.00,120.00,31.00,5.66,16.54,12.69,16.30,4568.00,0.00,3098.00,325.00,0.00,5842.53,1309.24,0.00,42300.00,146030.00,6800.00,"***",1660.00,1579.00
"491662","ZICHAS018000145099",0.00,25.00,18.00,122.00,36.00,4.21,15.62,12.15,17.11,4913.00,0.00,3267.00,329.00,380.00,6245.82,1382.98,0.00,40300.00,138400.00,0.00,"***",,1612.00
"491664","55Z2AA000180070099",70.00,90.00,0.18,113.00,27.00,3.87,14.66,,,2037.00,581.00,2441.00,2549.00,0.00,4232.62,1395.25,0.00,25300.00,180830.00,0.00,"***",1663.00,1606.00
"491665","55Z2AA000180070099",70.00,90.00,0.18,114.00,28.00,2.43,21.25,,,3223.00,0.00,3860.00,1393.00,0.00,5309.88,1685.69,0.00,37100.00,152130.00,0.00,"***",1696.00,1647.00
"491666","55Z2AA000180070099",70.00,90.00,0.18,115.00,39.00,,,3.11,22.94,3063.00,0.00,5123.00,341.00,0.00,5420.16,1905.12,0.00,37100.00,152630.00,0.00,"***",,1655.00
"491667","32Z2AA000190056099",40.00,55.00,0.19,118.00,28.00,,,3.05,24.41,2521.00,0.00,4521.00,343.00,0.00,4627.80,1679.72,0.00,37000.00,152130.00,0.00,"***",,1648.00
"491668","32Z2AA000190056099",40.00,55.00,0.19,123.00,27.00,8.43,35.14,2.61,25.68,2668.00,0.00,4555.00,345.00,0.00,4781.49,1698.65,0.00,37200.00,152230.00,3600.00,"***",,1646.00
"491669","DDC1AA0160000360X9",0.00,25.00,16.00,117.00,24.00,,,8.16,16.16,6407.00,0.00,4625.00,344.00,0.00,8292.03,1908.52,0.00,42700.00,145530.00,0.00,"***",,1640.00
"491670","DDC1AA0160000360X9",0.00,25.00,16.00,112.00,27.00,,,7.93,17.26,4491.00,0.00,4131.00,344.00,0.00,6273.03,1649.70,0.00,42700.00,144630.00,7600.00,"***",1682.00,1671.00
"491671","DDC1AA0160000360X9",0.00,25.00,16.00,112.00,31.00,4.13,19.72,8.11,16.72,4561.00,0.00,4192.00,342.00,0.00,6366.75,1672.97,0.00,42400.00,144930.00,7300.00,"***",1670.00,1654.00
"491676","DDC1AA0160000360X9",0.00,25.00,16.00,114.00,12.00,,,9.80,7.88,7475.00,0.00,4135.00,342.00,211.00,9049.41,1799.86,0.00,42400.00,146580.00,0.00,"***",,1598.00
"491678","JYCHAS0140000860X9",0.00,25.00,14.00,115.00,44.00,,,10.04,11.77,7930.00,0.00,4960.00,331.00,338.00,9864.93,2092.88,0.00,27100.00,159580.00,0.00,"***",,1642.00
"491679","JYCHAS0140000860X9",0.00,25.00,14.00,119.00,24.00,,,9.05,10.58,5981.00,0.00,4003.00,330.00,0.00,7592.67,1679.44,0.00,27500.00,159780.00,6900.00,"***",,1608.00
"491681","GXCAAS018000145099",0.00,25.00,18.00,107.00,16.00,,,,,2789.00,0.00,2481.00,338.00,125.00,3896.19,1019.02,0.00,25900.00,155380.00,2000.00,"***",,1617.00
"491683","DGC2AA003000021099",0.00,25.00,3.00,125.00,38.00,3.20,10.53,2.06,8.05,5624.00,0.00,4737.00,333.00,0.00,7613.97,1904.35,0.00,27400.00,159280.00,8000.00,"***",1610.00,1601.00
"491684","DGC2AA003000021099",0.00,25.00,3.00,112.00,43.00,,,2.22,12.23,5460.00,468.00,4513.00,336.00,197.00,7617.00,1846.17,0.00,27600.00,161680.00,0.00,"***",,1630.00
"491685","DGC2AA003000021099",0.00,25.00,3.00,125.00,33.00,,,2.99,7.95,6767.00,0.00,4213.00,335.00,321.00,8426.10,1788.94,0.00,27900.00,161580.00,5400.00,"***",,1627.00
"491686","DGC2AA003000021099",0.00,25.00,3.00,119.00,40.00,,,2.41,8.13,5751.00,534.00,4195.00,712.00,0.00,7896.03,1826.76,0.00,27400.00,159380.00,4000.00,"***",,1616.00
"491687","DGC2AA006000040099",0.00,25.00,6.00,119.00,46.00,,,3.80,5.84,6320.00,581.00,5015.00,1042.00,0.00,8954.02,2187.56,0.00,27700.00,159880.00,9500.00,"***",1658.00,1602.00
"595388","32Z2AA000190056099",40.00,55.00,0.19,119.00,42.00,4.59,8.66,3.02,9.07,4667.00,508.00,2798.00,3187.00,222.00,7019.54,1755.75,222.00,25700.00,152830.00,0.00,"***",1664.00,1611.00
"595393","JYCHAS0140000860X9",0.00,25.00,14.00,95.00,19.00,,,11.09,18.33,4904.00,508.00,4843.00,402.00,192.00,7302.50,1941.15,192.00,28500.00,149630.00,2100.00,"***",,
"595394","JYCHAS0140000860X9",0.00,25.00,14.00,113.00,22.00,,,12.34,13.89,4012.00,0.00,5259.00,213.00,138.00,6325.77,1974.41,138.00,42000.00,145780.00,8300.00,"***",,1569.00
"595396","JYCHAS0140000860X9",0.00,25.00,14.00,107.00,13.00,5.10,10.82,10.18,11.70,3769.00,0.00,5328.00,206.00,139.00,6130.59,1983.77,139.00,42000.00,144780.00,7200.00,"***",1650.00,
"595397","DDC1AA0160000360X9",0.00,25.00,16.00,121.00,14.00,3.59,12.16,7.63,12.20,6711.00,277.00,5091.00,207.00,0.00,8908.34,2066.69,0.00,27300.00,159780.00,0.00,"***",1646.00,1607.00
"595398","DDC1AA0160000360X9",0.00,25.00,16.00,119.00,18.00,4.74,10.25,10.86,10.94,5403.00,0.00,5117.00,208.00,0.00,7549.59,1996.20,0.00,28100.00,161580.00,0.00,"***",1652.00,1612.00
"595399","DDC1AA0160000360X9",0.00,25.00,16.00,122.00,36.00,,,,,6305.00,0.00,5647.00,209.00,0.00,8643.18,2216.38,0.00,28000.00,159780.00,5000.00,"***",1675.00,
"595400","JYCHAS0140000860X9",0.00,25.00,14.00,125.00,30.00,,,10.24,13.69,6867.00,0.00,5102.00,214.00,215.00,8905.89,2065.53,215.00,27500.00,159880.00,8100.00,"***",,1628.00
"595401","JYCHAS0140000860X9",0.00,25.00,14.00,107.00,23.00,,,11.87,11.74,3583.00,0.00,4571.00,212.00,139.00,5596.23,1725.74,139.00,27500.00,179580.00,7000.00,"***",,1620.00
"595402","GXCAAS018000145099",0.00,25.00,18.00,120.00,16.00,2.52,19.85,,,4100.00,0.00,3528.00,211.00,217.00,5576.07,1407.22,217.00,26100.00,153380.00,0.00,"***",1695.00,1598.00
"595403","GXCHAS016000145099",0.00,25.00,16.00,113.00,26.00,3.31,15.66,10.59,16.61,2705.00,508.00,3500.00,2541.00,0.00,5318.66,1773.03,0.00,27900.00,159580.00,8500.00,"***",1680.00,1636.00
"595404","GXCHAS016000145099",0.00,25.00,16.00,112.00,43.00,6.87,22.52,12.30,22.39,2998.00,508.00,3626.00,1239.00,463.00,5221.97,1594.90,463.00,27600.00,160080.00,4400.00,"***",1695.00,1621.00
"595405","DGC2AA003000021099",0.00,25.00,3.00,123.00,30.00,,,4.27,11.27,3840.00,505.00,4828.00,1263.00,0.00,6588.23,2037.83,0.00,27300.00,159480.00,3500.00,"***",,1601.00
"595406","DGC2AA003000021099",0.00,25.00,3.00,129.00,24.00,,,3.55,11.69,3354.00,0.00,5373.00,199.00,0.00,5763.93,1976.61,0.00,27500.00,159680.00,5300.00,"***",1682.00,1621.00
"595407","DGC2AA003000021099",0.00,25.00,3.00,120.00,26.00,,,1.83,11.77,3062.00,0.00,5379.00,199.00,0.00,5495.25,1963.99,0.00,27900.00,159580.00,5400.00,"***",,1619.00
"595408","MBA2AA000150010099",0.00,15.00,0.15,105.00,49.00,,,4.11,15.11,5764.00,503.00,4043.00,4298.00,135.00,9001.18,2421.18,135.00,29000.00,162180.00,5700.00,"***",,1631.00
"491688","24JDAA000100010099",0.00,10.00,0.10,110.00,50.00,4.44,9.87,3.15,8.36,6527.00,1040.00,2403.00,5347.00,241.00,9570.46,2133.80,0.00,26600.00,161780.00,2400.00,"***",1660.00,1618.00
"491691","24JDAA000100010099",0.00,10.00,0.10,119.00,49.00,,,3.29,11.39,8637.00,0.00,5480.00,358.00,312.00,10780.95,2304.69,0.00,30400.00,157680.00,1400.00,"***",,1637.00
"491692","MBA2AA000150010099",0.00,15.00,0.15,127.00,50.00,,,4.04,9.95,8274.00,0.00,5818.00,350.00,0.00,10602.96,2396.64,0.00,36900.00,152080.00,7100.00,"***",,1639.00
"491694","MBA2AA000150010099",0.00,15.00,0.15,113.00,48.00,,,2.02,9.21,6337.00,570.00,2813.00,4182.00,211.00,8942.91,2026.40,0.00,31200.00,157980.00,2900.00,"***",,1635.00
"491695","MBA2AA000150010099",0.00,15.00,0.15,126.00,70.00,,,4.03,13.72,9084.00,578.00,5243.00,2749.00,211.00,12195.61,2708.11,0.00,37800.00,152280.00,3800.00,"***",,
"491696","MBA2AA000150010099",0.00,15.00,0.15,118.00,47.00,,,4.74,8.93,8049.00,575.00,3669.00,4061.00,126.00,10908.82,2372.95,0.00,37500.00,152550.00,6200.00,"***",,1618.00
"491697","MBA2AA000150010099",0.00,15.00,0.15,133.00,41.00,,,3.63,8.40,7010.00,579.00,3948.00,2946.00,134.00,9710.76,2212.57,0.00,36900.00,153150.00,5000.00,"***",,
"491698","62D2AC0030000260X9",0.00,30.00,3.00,120.00,33.00,2.90,15.82,3.06,9.57,4209.00,0.00,5029.00,347.00,0.00,6442.80,1932.48,0.00,41560.00,144850.00,5200.00,"***",1660.00,1633.00
"491699","MBA2AA000150010099",0.00,15.00,0.15,111.00,20.00,,,1.71,10.38,4578.00,576.00,3152.00,2189.00,0.00,6815.43,1691.88,0.00,36790.00,152550.00,3800.00,"***",,1642.00
"491700","24JDAA000100010099",0.00,10.00,0.10,118.00,54.00,,,2.57,8.22,7928.00,1041.00,4024.00,3845.00,350.00,11156.37,2468.47,0.00,30300.00,158350.00,700.00,"***",,1620.00
"491701","24JDAA000100010099",0.00,10.00,0.10,126.00,52.00,,,2.94,8.32,8729.00,1032.00,3242.00,4983.00,323.00,11896.44,2454.85,0.00,30400.00,159150.00,2400.00,"***",,1612.00
"491703","YUCBAA009000153099",0.00,25.00,9.00,115.00,63.00,4.20,9.37,5.68,10.68,7148.00,0.00,5239.00,339.00,395.00,9274.23,2147.29,0.00,30300.00,150150.00,0.00,"***",1643.00,1605.00
"491704","YUCBAA009000153099",0.00,25.00,9.00,114.00,33.00,,,3.94,14.30,3352.00,1471.00,0.00,4958.00,360.00,5577.26,1133.59,0.00,24500.00,149850.00,0.00,"***",,1633.00
"491706","RJZHAS012000120099",25.00,50.00,12.00,111.00,33.00,,,4.05,40.15,2505.00,570.00,1272.00,5033.00,0.00,4920.30,1479.45,0.00,24700.00,161550.00,0.00,"***",,1618.00
"491707","RJZHAS012000120099",25.00,50.00,12.00,107.00,25.00,,,8.24,53.35,4518.00,731.00,0.00,661.00,209.00,4829.23,381.43,0.00,22500.00,158950.00,5100.00,"***",1668.00,1580.00
"491708","RJZHAS004000086099",25.00,50.00,4.00,107.00,28.00,4.17,16.12,4.78,22.58,2789.00,573.00,1332.00,4871.00,0.00,5161.44,1484.44,0.00,27200.00,159350.00,7600.00,"***",1670.00,1643.00
"491710","MBA2AA000150010099",0.00,15.00,0.15,122.00,38.00,,,2.80,10.45,8477.00,578.00,4117.00,1650.00,0.00,10727.95,2108.36,0.00,27200.00,161750.00,8200.00,"***",,1654.00
"491712","24JDAA000100010099",0.00,10.00,0.10,116.00,39.00,,,3.38,11.43,6699.00,1034.00,2609.00,4513.00,236.00,9550.72,2059.96,0.00,26900.00,161750.00,2100.00,"***",,1631.00
"595409","MBA2AA000150010099",0.00,15.00,0.15,119.00,45.00,,,3.23,15.61,7538.00,0.00,6704.00,203.00,137.00,10295.25,2625.76,137.00,27900.00,161280.00,5400.00,"***",,1641.00
"595410","MBA2AA000150010099",0.00,15.00,0.15,117.00,36.00,9.32,11.26,3.71,9.43,5783.00,0.00,6351.00,207.00,136.00,8494.98,2422.24,136.00,37100.00,151880.00,0.00,"***",,1629.00
"595412","MBA2AA000150010099",0.00,15.00,0.15,122.00,53.00,4.17,9.31,2.76,7.99,7803.00,506.00,6706.00,2131.00,391.00,11462.26,3012.01,391.00,37500.00,152080.00,0.00,"***",1677.00,1629.00
"595413","MBA2AA000150010099",0.00,15.00,0.15,125.00,47.00,,,2.23,7.71,7697.00,0.00,7242.00,213.00,0.00,10704.66,2813.05,0.00,36800.00,152180.00,8100.00,"***",,1628.00
"595414","24JDAA000100010099",0.00,10.00,0.10,120.00,59.00,6.26,11.36,3.27,10.47,5717.00,0.00,6066.00,0.00,0.00,8228.49,2287.63,0.00,42900.00,145580.00,8000.00,"***",1675.00,1619.00
"595415","62D2AC0030000260X9",0.00,30.00,3.00,127.00,53.00,,,4.11,13.80,5544.00,0.00,6075.00,0.00,0.00,8071.92,2281.95,0.00,42200.00,144900.00,3500.00,"***",,
"595416","62D2AC0030000260X9",0.00,30.00,3.00,129.00,43.00,,,2.44,14.06,4821.00,0.00,6075.00,198.00,0.00,7464.87,2281.44,0.00,38000.00,146450.00,4400.00,"***",,
"595417","62D2AC0030000260X9",0.00,30.00,3.00,111.00,42.00,3.73,23.52,,,3133.00,0.00,6311.00,203.00,0.00,6009.96,2275.82,0.00,42000.00,144850.00,4300.00,"***",1671.00,1656.00
"595418","MBA2AA000150010099",0.00,15.00,0.15,113.00,46.00,,,,,5447.00,508.00,6133.00,593.00,0.00,8489.72,2428.38,0.00,36320.00,152850.00,4600.00,"***",,1640.00
"595420","GJBBAS013000100099",0.00,20.00,13.00,124.00,34.00,4.60,9.25,7.72,11.13,5573.00,511.00,0.00,4387.00,0.00,6916.76,1093.86,0.00,25200.00,152750.00,500.00,"***",1666.00,1607.00
"595423","RJZHAS007000126099",25.00,50.00,7.00,100.00,31.00,,,4.13,38.78,2018.00,0.00,5604.00,201.00,0.00,4632.99,1986.40,0.00,40300.00,139050.00,8000.00,"***",,1648.00
"595424","RJZHAS007000126099",25.00,50.00,7.00,101.00,34.00,4.38,19.87,5.29,41.43,2020.00,509.00,4694.00,2345.00,0.00,5190.61,2097.57,0.00,41300.00,140250.00,2600.00,"***",1693.00,1654.00
"595425","YUCBAA009000153099",0.00,25.00,9.00,114.00,31.00,2.99,19.85,6.17,20.06,4197.00,0.00,3022.00,131.00,142.00,5397.00,1230.69,142.00,31800.00,144750.00,0.00,"***",1684.00,1636.00
"595426","YUCBAA009000153099",0.00,25.00,9.00,124.00,43.00,,,6.88,14.33,4711.00,512.00,4132.00,567.00,142.00,6838.42,1726.77,142.00,25600.00,150150.00,1900.00,"***",,1607.00
"595427","YUCBAA009000153099",0.00,25.00,9.00,113.00,21.00,2.70,17.54,5.37,12.97,5277.00,512.00,2881.00,618.00,144.00,6781.15,1351.42,144.00,25300.00,150150.00,0.00,"***",1655.00,1606.00
"595428","YUCBAA009000153099",0.00,25.00,9.00,112.00,33.00,4.10,21.28,7.30,18.03,4644.00,503.00,0.00,2679.00,72.00,5484.67,739.57,72.00,24700.00,150150.00,1100.00,"***",1668.00,1586.00
"595430","YUCBAA009000153099",0.00,25.00,9.00,117.00,32.00,3.61,13.05,6.59,14.29,3628.00,0.00,5311.00,204.00,0.00,5990.64,1970.75,0.00,27300.00,159550.00,8300.00,"***",1668.00,1622.00
"595431","YUCBAA009000153099",0.00,25.00,9.00,128.00,54.00,,,7.33,14.43,3949.00,509.00,3930.00,2639.00,213.00,6714.88,1994.82,213.00,25000.00,150150.00,0.00,"***",,1426.00
"595432","RJZ1AS004000021099",25.00,50.00,4.00,128.00,54.00,,,3.29,36.59,2766.00,506.00,7220.00,1379.00,0.00,6776.41,2794.42,0.00,24400.00,159850.00,0.00,"***",1682.00,1652.00
"595433","RJZ1AS004000021099",25.00,50.00,4.00,124.00,38.00,3.26,21.67,3.20,30.94,2066.00,603.00,4718.00,2269.00,0.00,5272.47,2098.81,0.00,27200.00,159750.00,7600.00,"***",1693.00,1664.00
"491713","MBA2AA000150010099",0.00,15.00,0.15,106.00,39.00,,,2.14,7.79,5390.00,578.00,2238.00,4207.00,0.00,7798.93,1794.20,0.00,27900.00,161650.00,8200.00,"***",,1614.00
"491715","MBA2AA000150010099",0.00,15.00,0.15,122.00,28.00,2.88,11.09,2.23,10.03,5784.00,587.00,2523.00,3553.00,335.00,8091.37,1790.68,0.00,27600.00,162150.00,0.00,"***",,1633.00
"491716","MYCCAA010000160099",0.00,25.00,10.00,109.00,47.00,3.95,18.45,5.89,14.31,6042.00,575.00,2338.00,2436.00,406.00,7867.18,1540.87,0.00,24200.00,155250.00,2100.00,"***",1670.00,1588.00
"491717","MYCCAA010000160099",0.00,25.00,10.00,107.00,47.00,4.87,16.35,7.67,15.56,4189.00,581.00,706.00,5562.00,413.00,6395.47,1472.64,0.00,23700.00,154450.00,0.00,"***",1674.00,
"491718","MBA2AA000150010099",0.00,15.00,0.15,108.00,47.00,4.64,16.52,3.44,12.67,7731.00,578.00,2681.00,4305.00,0.00,10221.04,2075.08,0.00,27900.00,162050.00,8000.00,"***",1704.00,1637.00
"491720","MYCCAA010000160099",0.00,25.00,10.00,102.00,26.00,4.35,16.36,8.11,13.23,2030.00,2233.00,0.00,4990.00,335.00,4785.08,1111.35,0.00,23800.00,154450.00,2100.00,"***",,1620.00
"491721","MYCCAA010000136099",0.00,25.00,10.00,104.00,19.00,3.98,19.45,6.50,17.05,3286.00,1144.00,0.00,5012.00,142.00,5350.58,1123.66,0.00,24000.00,154350.00,0.00,"***",1664.00,1608.00
"491722","MYCCAA010000136099",0.00,25.00,10.00,104.00,24.00,4.07,14.26,6.67,12.50,4036.00,3046.00,0.00,5027.00,125.00,7118.15,1258.96,0.00,23400.00,154550.00,1600.00,"***",1669.00,1618.00
"491723","MYCCAA010000136099",0.00,25.00,10.00,105.00,25.00,3.75,16.74,6.37,15.24,2034.00,3085.00,0.00,5016.00,124.00,5274.50,1158.83,0.00,24400.00,154650.00,0.00,"***",1665.00,1617.00
"491724","24JDAA000100010099",0.00,10.00,0.10,104.00,18.00,4.33,19.15,3.29,8.67,3636.00,1045.00,3399.00,1090.00,171.00,5957.90,1551.92,0.00,26400.00,161750.00,1600.00,"***",1674.00,1593.00
"491725","24JDAA000100010099",0.00,10.00,0.10,119.00,30.00,,,2.08,10.26,4642.00,1035.00,2518.00,3566.00,158.00,7282.08,1756.67,0.00,27000.00,161850.00,2800.00,"***",,1592.00
"491726","DDC1AA0160000360X9",0.00,25.00,16.00,117.00,36.00,,,8.52,12.95,5248.00,584.00,4032.00,1224.00,0.00,7546.96,1842.48,0.00,25400.00,146850.00,4100.00,"***",,1660.00
"491727","DDC1AA0160000360X9",0.00,25.00,16.00,99.00,36.00,,,10.62,16.89,4341.00,577.00,3262.00,1731.00,0.00,6497.24,1633.94,0.00,25400.00,146750.00,8300.00,"***",1643.00,1606.00
"491728","DDC1AA0160000360X9",0.00,25.00,16.00,116.00,33.00,,,10.43,15.49,5551.00,575.00,4158.00,656.00,0.00,7696.75,1796.52,0.00,27600.00,146850.00,10300.00,"***",,1633.00
"491729","24JDAA000100010099",0.00,10.00,0.10,116.00,32.00,,,,,5616.00,1031.00,2637.00,3597.00,225.00,8253.01,1850.02,0.00,26500.00,161450.00,1500.00,"***",,1628.00
"491730","DDC1AA0160000360X9",0.00,25.00,16.00,106.00,52.00,10.44,14.42,13.19,14.68,6773.00,574.00,3100.00,3773.00,0.00,9353.42,2069.49,0.00,20200.00,162050.00,0.00,"***",1666.00,1627.00
"491731","DDC1AA0150001250X9",0.00,25.00,15.00,107.00,45.00,7.01,18.44,14.88,18.49,6122.00,575.00,2290.00,4522.00,326.00,8606.92,1904.51,0.00,21600.00,159750.00,1000.00,"***",1663.00,1616.00
"491733","TGCHAA008000086099",0.00,25.00,8.00,41.00,24.00,10.02,21.06,8.04,16.84,3715.00,583.00,2582.00,2540.00,0.00,5858.99,1524.16,0.00,27900.00,161750.00,6800.00,"***",1673.00,
"491734","FVZ1AA000150064099",20.00,35.00,0.15,89.00,29.00,,,3.31,14.04,2022.00,582.00,2001.00,3682.00,0.00,4381.92,1453.29,0.00,27700.00,161550.00,7300.00,"***",,1646.00
"491735","FVZ1AA000150064099",20.00,35.00,0.15,91.00,23.00,,,2.19,16.51,2528.00,570.00,737.00,6175.00,0.00,5061.75,1509.61,0.00,23300.00,161150.00,7100.00,"***",,1658.00
"491736","FVZ1AA000150064099",20.00,35.00,0.15,113.00,47.00,3.18,15.79,2.69,10.29,4759.00,575.00,2718.00,3920.00,0.00,7346.11,1869.24,0.00,27500.00,162150.00,8600.00,"***",1684.00,1630.00
"491737","FVZ1AA000150064099",20.00,35.00,0.15,100.00,20.00,2.90,16.89,2.56,12.75,5536.00,576.00,921.00,3564.00,324.00,7089.24,1251.05,0.00,24100.00,161570.00,3900.00,"***",1668.00,1609.00
"491739","WRCBAA010000150099",0.00,25.00,10.00,119.00,41.00,3.55,12.18,,,4024.00,0.00,3426.00,750.00,137.00,5634.30,1466.78,0.00,23700.00,154570.00,2100.00,"***",1687.00,1623.00
"595434","RJZ1AS004000021099",25.00,50.00,4.00,104.00,39.00,6.61,12.29,4.70,36.52,2011.00,506.00,3233.00,4973.00,0.00,5346.52,2087.88,0.00,27800.00,159650.00,8500.00,"***",1658.00,1617.00
"595436","24JDAA000100010099",0.00,10.00,0.10,105.00,45.00,8.03,11.89,5.27,10.90,5120.00,970.00,5091.00,1844.00,365.00,8357.00,2316.45,365.00,26800.00,161550.00,0.00,"***",1673.00,1614.00
"595440","MBA2AA000150010099",0.00,15.00,0.15,116.00,48.00,,,3.45,10.30,5416.00,503.00,1288.00,6644.00,298.00,8129.32,1916.91,298.00,23700.00,154650.00,2400.00,"***",,1521.00
"595442","24JDAA000100010099",0.00,10.00,0.10,111.00,36.00,,,,,4315.00,971.00,2020.00,6185.00,208.00,7567.36,2044.20,208.00,26800.00,161850.00,1700.00,"***",,1600.00
"595443","24JDAA000100010099",0.00,10.00,0.10,124.00,33.00,,,2.83,10.35,5872.00,0.00,5659.00,211.00,221.00,8246.91,2199.05,221.00,26900.00,161650.00,1800.00,"***",,1641.00
"595444","24JDAA000100010099",0.00,10.00,0.10,124.00,30.00,,,,,5410.00,0.00,5367.00,208.00,218.00,7676.10,2079.05,218.00,26800.00,161950.00,1300.00,"***",,1617.00
"595447","KHCEAA0160000360X9",0.00,25.00,16.00,107.00,18.00,3.75,16.16,10.53,16.36,3679.00,507.00,3172.00,2772.00,0.00,6142.71,1755.02,0.00,22900.00,148950.00,1600.00,"***",1687.00,1549.00
"595448","24JDAA000100010099",0.00,10.00,0.10,109.00,31.00,,,3.75,8.17,5439.00,971.00,4091.00,1613.00,187.00,8098.00,1960.87,187.00,26700.00,161650.00,2200.00,"***",1679.00,1612.00
"595450","DDC1AA0160000360X9",0.00,25.00,16.00,102.00,18.00,3.29,10.47,10.21,12.33,3704.00,0.00,4580.00,214.00,0.00,5713.74,1735.12,0.00,25300.00,147250.00,0.00,"***",1671.00,1602.00
"595451","DDC1AA0160000360X9",0.00,25.00,16.00,114.00,25.00,,,,,6328.00,0.00,4563.00,212.00,224.00,8145.24,1860.35,224.00,25600.00,159450.00,8100.00,"***",,1646.00
"595453","TGCHAA008000086099",0.00,25.00,8.00,109.00,35.00,5.36,12.92,6.97,12.05,3832.00,511.00,3292.00,3054.00,142.00,6437.90,1853.23,142.00,22000.00,161350.00,0.00,"***",1680.00,1540.00
"595454","TGCHAA008000086099",0.00,25.00,8.00,104.00,36.00,4.12,18.45,5.85,17.44,2954.00,506.00,4552.00,1136.00,0.00,5590.42,1879.64,0.00,27600.00,159550.00,8100.00,"***",1678.00,1643.00
"595455","FVZ1AA000150064099",20.00,35.00,0.15,106.00,36.00,,,2.07,17.36,2620.00,511.00,4479.00,1676.00,0.00,5425.76,1936.30,0.00,28200.00,160950.00,7400.00,"***",,1641.00
"595456","FVZ1AA000150064099",20.00,35.00,0.15,118.00,40.00,,,3.41,9.86,4263.00,507.00,5371.00,1846.00,0.00,7435.77,2343.21,0.00,27900.00,164950.00,6400.00,"***",,1635.00
"595457","FVZ1AA000150064099",20.00,35.00,0.15,112.00,34.00,4.03,19.02,3.23,16.12,2702.00,503.00,4018.00,2121.00,0.00,5423.11,1867.97,0.00,27600.00,160950.00,8000.00,"***",1691.00,1630.00
"595458","FVZ1AA000150064099",20.00,35.00,0.15,104.00,31.00,,,2.13,14.78,2316.00,514.00,3948.00,1981.00,0.00,4990.49,1800.92,0.00,28100.00,161000.00,8200.00,"***",,1657.00
"595459","FVZ1AA000150064099",20.00,35.00,0.15,116.00,38.00,3.55,15.75,2.82,13.77,3975.00,511.00,4426.00,3281.00,0.00,7190.12,2275.46,0.00,27600.00,162350.00,8400.00,"***",1682.00,1636.00
"595460","WTCBAA010000150099",0.00,25.00,10.00,108.00,29.00,5.77,17.22,6.15,16.85,7077.00,0.00,3199.00,216.00,375.00,8188.41,1448.40,375.00,24600.00,156480.00,0.00,"***",1691.00,1608.00
"491738","WTCBAA010000150099",0.00,25.00,10.00,97.00,20.00,5.09,18.19,7.16,17.23,2882.00,0.00,2490.00,346.00,373.00,3989.64,1028.08,0.00,23400.00,155880.00,0.00,"***",1674.00,1608.00
"491741","IOCBAS023000120099",0.00,25.00,23.00,110.00,19.00,5.39,12.76,11.72,11.47,3021.00,0.00,398.00,342.00,0.00,3113.43,343.95,0.00,0.00,357880.00,0.00,"***",1653.00,1594.00
"491742","GXCCAS018000145099",0.00,25.00,18.00,106.00,61.00,,,11.15,14.92,5068.00,578.00,3403.00,1800.00,420.00,7264.36,1729.29,0.00,24000.00,154680.00,1900.00,"***",,1595.00
"491743","JYCHAS0160001260X9",0.00,25.00,16.00,118.00,58.00,,,12.11,11.53,9185.00,0.00,5908.00,339.00,406.00,11489.76,2469.91,0.00,23500.00,154700.00,2100.00,"***",1678.00,1632.00
"491744","JYCHAS0160001260X9",0.00,25.00,16.00,111.00,58.00,,,12.10,11.63,7220.00,0.00,5258.00,335.00,364.00,9348.99,2156.44,0.00,26800.00,154680.00,5100.00,"***",,1604.00
"491745","JYCHAS0160001060X9",0.00,25.00,16.00,114.00,45.00,,,14.60,13.44,6326.00,0.00,4465.00,335.00,310.00,8136.93,1850.05,0.00,26000.00,154680.00,5200.00,"***",,1602.00
"491746","VCBCAA007000170099",0.00,20.00,7.00,116.00,47.00,,,3.31,6.85,6596.00,1211.00,0.00,7616.00,160.00,9325.72,1761.23,0.00,23400.00,154700.00,1900.00,"***",,1599.00
"491748","YRCEAA009000125099",0.00,25.00,9.00,87.00,12.00,,,5.45,11.36,3799.00,573.00,3328.00,929.00,130.00,5757.96,1484.06,0.00,23100.00,151000.00,2000.00,"***",1696.00,1641.00
"491749","VJQ1AA000150015099",0.00,12.00,0.15,98.00,13.00,1.80,13.58,,,3238.00,1037.00,3636.00,408.00,0.00,5471.98,1487.07,0.00,27700.00,154550.00,9400.00,"***",1654.00,1602.00
"491751","VJQ1AA000150015099",0.00,12.00,0.15,129.00,37.00,,,3.34,18.40,8482.00,0.00,4915.00,343.00,130.00,10360.65,2107.79,0.00,37000.00,152350.00,5400.00,"***",,1619.00
"491752","VJQ1AA000150015099",0.00,12.00,0.15,124.00,42.00,,,3.33,10.88,7625.00,0.00,5024.00,340.00,0.00,9614.97,2100.37,0.00,31300.00,158650.00,8900.00,"***",,1637.00
"491753","21Q1AA000100010099",0.00,12.00,0.10,112.00,46.00,4.46,11.59,3.18,8.44,6253.00,723.00,4703.00,352.00,0.00,8593.77,1964.15,0.00,31100.00,158450.00,7600.00,"***",1657.00,1604.00
"491755","21Q1AA000100010099",0.00,12.00,0.10,103.00,52.00,,,2.82,9.27,6363.00,1034.00,3432.00,3934.00,0.00,9442.21,2210.53,0.00,31100.00,159350.00,7200.00,"***",,1648.00
"491757","VQB2AA017000075099",0.00,20.00,17.00,96.00,45.00,,,13.88,9.88,5636.00,0.00,3353.00,333.00,358.00,6960.81,1448.23,0.00,35100.00,153050.00,0.00,"***",,1625.00
"491759","VQB2AA017000075099",0.00,20.00,17.00,113.00,53.00,9.99,16.50,12.96,13.85,7064.00,0.00,3969.00,343.00,406.00,8587.83,1724.71,0.00,32700.00,152850.00,0.00,"***",1654.00,1612.00
"595461","WTCBAA010000150099",0.00,25.00,10.00,109.00,20.00,4.89,16.75,6.85,17.04,3501.00,474.00,3163.00,214.00,373.00,5110.23,1281.06,373.00,23500.00,154780.00,0.00,"***",1704.00,1625.00
"595462","KCCBAS007000120099",0.00,25.00,7.00,117.00,53.00,4.29,15.26,5.60,15.10,4319.00,0.00,5312.00,213.00,163.00,6636.72,2007.25,163.00,23600.00,154570.00,2000.00,"***",1661.00,1595.00
"595463","IOCBAS023000120099",0.00,25.00,23.00,117.00,56.00,5.46,10.31,14.84,11.38,8025.00,0.00,7417.00,214.00,441.00,11094.03,2887.38,441.00,24000.00,154880.00,2200.00,"***",1640.00,1568.00
"595464","FTCBAS0210000960X9",0.00,25.00,21.00,119.00,59.00,8.32,6.36,14.04,8.71,8096.00,0.00,7666.00,213.00,360.00,11279.25,2972.92,360.00,23500.00,171980.00,1700.00,"***",1664.00,1578.00
"595465","GXCBAS018000145099",0.00,25.00,18.00,115.00,49.00,4.48,13.51,14.07,14.67,5218.00,0.00,4962.00,210.00,410.00,7303.80,1936.16,410.00,23100.00,151980.00,2200.00,"***",1696.00,1634.00
"595467","JYCHAS0160001260X9",0.00,25.00,16.00,117.00,55.00,8.49,9.40,13.28,11.30,7801.00,0.00,7330.00,185.00,359.00,10834.38,2842.25,359.00,26400.00,153180.00,7900.00,"***",1662.00,1619.00
"595468","JYCHAS0160001060X9",0.00,25.00,16.00,113.00,48.00,9.81,15.20,11.41,16.58,5667.00,0.00,5951.00,187.00,367.00,8188.50,2280.84,367.00,26200.00,153180.00,6000.00,"***",1668.00,1617.00
"595469","GFBKAS013000135099",0.00,20.00,13.00,110.00,42.00,6.74,9.93,8.95,11.30,5521.00,516.00,6071.00,807.00,443.00,8603.88,2450.54,443.00,23500.00,151070.00,1900.00,"***",1670.00,1602.00
"595470","VCBCAA007000170099",0.00,20.00,7.00,120.00,49.00,5.19,14.80,,,3648.00,514.00,3499.00,2798.00,153.00,6283.34,1866.41,153.00,25400.00,151680.00,2000.00,"***",1676.00,1600.00
"595471","VCBCAA007000170099",0.00,20.00,7.00,88.00,26.00,4.09,16.29,4.81,14.30,3499.00,512.00,1922.00,2592.00,140.00,5318.71,1301.37,140.00,23400.00,156000.00,2300.00,"***",1676.00,1596.00
"595472","YRCEAA009000125099",0.00,25.00,9.00,104.00,38.00,3.03,13.43,5.63,12.83,4140.00,511.00,3598.00,3113.00,361.00,6890.69,1980.23,361.00,23100.00,153000.00,2000.00,"***",1679.00,1614.00
"595473","YRCCAA009000125099",0.00,25.00,9.00,112.00,45.00,,,6.57,14.34,4953.00,510.00,4816.00,2332.00,179.00,7973.13,2282.19,179.00,23600.00,155250.00,1200.00,"***",,1654.00
"595474","YRCEAA009000125099",0.00,25.00,9.00,111.00,64.00,5.79,11.71,,,5574.00,514.00,5612.00,2576.00,182.00,9015.50,2620.04,182.00,23000.00,152750.00,2000.00,"***",1682.00,1598.00
"595475","VJQ1AA000150015099",0.00,12.00,0.15,111.00,51.00,,,3.16,6.79,7473.00,0.00,6368.00,214.00,0.00,10077.15,2513.61,0.00,31300.00,158650.00,6300.00,"***",1686.00,1616.00
"595476","VQB2AA017000075099",0.00,20.00,17.00,114.00,41.00,5.74,15.43,13.21,16.77,3568.00,0.00,3535.00,0.00,0.00,5015.04,1344.95,0.00,35000.00,151950.00,8300.00,"***",1684.00,1614.00
"595477","VQB2AA017000075099",0.00,20.00,17.00,114.00,62.00,3.95,13.62,,,4051.00,509.00,3535.00,3369.00,0.00,6861.04,2000.97,0.00,34700.00,152150.00,7400.00,"***",1698.00,1666.00
"595478","VQB2AA017000075099",0.00,20.00,17.00,115.00,53.00,7.32,9.28,13.01,10.40,6510.00,0.00,5565.00,210.00,244.00,8794.80,2199.75,244.00,34900.00,152950.00,8800.00,"***",1650.00,
"595479","VQB2AA017000075099",0.00,20.00,17.00,108.00,36.00,,,12.13,10.96,6726.00,0.00,3816.00,0.00,368.00,8086.86,1595.58,368.00,34900.00,152450.00,2100.00,"***",,1629.00
"595481","VJQ1AA000150015099",0.00,12.00,0.15,101.00,46.00,,,2.50,11.60,4921.00,977.00,4800.00,2476.00,0.00,8244.73,2324.58,0.00,31400.00,157550.00,6500.00,"***",,1645.00
"491760","JYCHAS0160001060X9",0.00,25.00,16.00,103.00,51.00,,,13.34,16.30,4115.00,582.00,3518.00,341.00,124.00,5954.04,1457.17,0.00,33000.00,145950.00,3500.00,"***",,1640.00
"491762","JYCCAS0160001160X9",0.00,25.00,16.00,109.00,70.00,10.10,15.39,11.31,12.05,6865.00,0.00,5513.00,335.00,330.00,9141.24,2222.84,0.00,30200.00,152850.00,2800.00,"***",1669.00,1609.00
"491763","RJZHAS014000130099",25.00,50.00,14.00,103.00,49.00,4.70,18.43,8.38,16.61,5255.00,0.00,4906.00,337.00,0.00,7353.24,1942.39,0.00,33100.00,145750.00,8400.00,"***",1682.00,1625.00
"491764","MBA2AA000150010099",0.00,15.00,0.15,104.00,53.00,7.16,17.77,3.53,10.43,5562.00,573.00,3232.00,3950.00,0.00,8348.40,2084.31,0.00,33000.00,152550.00,8000.00,"***",1703.00,1640.00
"491765","MBA2AA000150010099",0.00,15.00,0.15,107.00,47.00,,,4.38,9.15,6528.00,0.00,4757.00,336.00,202.00,8465.28,1956.69,0.00,31400.00,157850.00,2900.00,"***",,1612.00
"491766","24JDAA000100010099",0.00,10.00,0.10,106.00,41.00,3.54,10.58,2.44,7.82,6238.00,1043.00,2627.00,3719.00,325.00,8873.65,1900.38,0.00,29800.00,157650.00,0.00,"***",,
"491768","MBA2AA000150010099",0.00,15.00,0.15,114.00,40.00,,,2.07,7.99,5980.00,0.00,4546.00,343.00,315.00,7856.67,1860.92,0.00,34600.00,152050.00,0.00,"***",,1619.00
"491769","GXCHAS018000145099",0.00,25.00,18.00,101.00,28.00,,,11.11,20.82,2592.00,0.00,2473.00,350.00,348.00,3713.10,1008.69,0.00,31100.00,154950.00,0.00,"***",,1640.00
"491770","GXCCAS016000145099",0.00,25.00,16.00,83.00,29.00,5.06,14.88,5.57,14.98,3300.00,0.00,2114.00,344.00,0.00,4197.24,924.54,0.00,26100.00,207850.00,2100.00,"***",1649.00,1601.00
"491772","GXCCAS016000145099",0.00,25.00,16.00,99.00,27.00,4.98,17.37,12.54,17.81,2549.00,587.00,969.00,2993.00,0.00,4152.10,1015.31,0.00,25300.00,152750.00,1900.00,"***",1677.00,
"491773","30Z2AA000200026099",15.00,30.00,0.20,116.00,47.00,,,2.57,8.48,6301.00,584.00,5270.00,656.00,0.00,8933.05,2201.43,0.00,31300.00,158750.00,5700.00,"***",,1618.00
"491774","30Z2AA000200026099",15.00,30.00,0.20,111.00,39.00,,,3.25,12.69,3838.00,581.00,3489.00,1936.00,0.00,6208.30,1720.80,0.00,31400.00,158450.00,4500.00,"***",,1623.00
"491775","31Z2AA000240026099",24.00,39.00,0.24,105.00,28.00,,,1.63,14.08,2024.00,581.00,2374.00,2997.00,0.00,4336.21,1453.13,0.00,30900.00,158050.00,2000.00,"***",,1639.00
"491776","30Z2AA000200026099",15.00,30.00,0.20,101.00,29.00,,,1.58,13.63,2964.00,580.00,2645.00,2490.00,0.00,5172.62,1498.25,0.00,31380.00,157950.00,2500.00,"***",,1608.00
"491777","AAC3AA0040000210X9",0.00,25.00,4.00,115.00,42.00,,,2.39,7.58,5250.00,586.00,4630.00,1236.00,0.00,7840.94,2042.18,0.00,31900.00,157750.00,4600.00,"***",,1612.00
"491778","VJQ1AA000150015099",0.00,12.00,0.15,115.00,53.00,,,2.11,4.62,9021.00,0.00,5772.00,511.00,57.00,11328.72,2447.79,0.00,30600.00,158770.00,2200.00,"***",,1606.00
"491779","VJQ1AA000150015099",0.00,12.00,0.15,108.00,26.00,2.39,9.58,2.58,7.38,5277.00,926.00,4869.00,235.00,96.00,7840.84,1959.22,0.00,31100.00,157900.00,0.00,"***",1670.00,1619.00
"491780","VJQ1AA000150015099",0.00,12.00,0.15,111.00,35.00,,,1.96,7.26,4838.00,1044.00,3200.00,2028.00,0.00,7289.22,1715.14,0.00,31700.00,157770.00,7000.00,"***",,1612.00
"491781","VJQ1AA000150015099",0.00,12.00,0.15,109.00,37.00,,,2.43,8.87,5483.00,1043.00,3591.00,1710.00,0.00,7971.25,1819.13,0.00,31200.00,157870.00,0.00,"***",,1626.00
"595483","VQB2AA017000075099",0.00,20.00,17.00,114.00,30.00,,,12.53,9.94,6956.00,0.00,3207.00,197.00,152.00,8073.45,1441.57,152.00,33600.00,146600.00,9000.00,"***",,1613.00
"595484","DDC1AA0150000860X9",0.00,25.00,15.00,108.00,41.00,8.29,20.68,10.89,14.45,5117.00,0.00,5640.00,211.00,367.00,7535.64,2155.03,367.00,34700.00,152750.00,0.00,"***",1682.00,
"595485","DDC1AA0150000860X9",0.00,25.00,15.00,92.00,49.00,,,12.17,18.63,5288.00,0.00,6318.00,216.00,360.00,8021.76,2388.22,360.00,30000.00,152050.00,0.00,"***",,
"595486","JYCHAS0160001260X9",0.00,25.00,16.00,104.00,40.00,13.10,17.44,14.43,17.65,4201.00,512.00,4821.00,1189.00,364.00,6900.10,2040.60,364.00,24900.00,152750.00,0.00,"***",1687.00,1606.00
"595487","RJZHAS014000130099",25.00,50.00,14.00,108.00,36.00,4.75,20.31,11.17,24.53,2022.00,0.00,5329.00,212.00,0.00,4508.34,1897.83,0.00,34000.00,145150.00,7800.00,"***",1711.00,1671.00
"595488","RJZHAS014000130099",25.00,50.00,14.00,102.00,32.00,3.62,33.18,12.47,30.97,4892.00,0.00,5046.00,214.00,0.00,7042.26,1948.30,0.00,34400.00,145450.00,7600.00,"***",1692.00,1634.00
"595489","GXCHAS016000145099",0.00,25.00,16.00,101.00,40.00,6.74,18.65,12.41,19.39,3925.00,0.00,4039.00,211.00,442.00,5658.60,1567.10,442.00,35000.00,152050.00,0.00,"***",1690.00,1634.00
"595490","MBA2AA000150010099",0.00,15.00,0.15,115.00,32.00,,,,,6141.00,977.00,5422.00,1157.00,0.00,9242.62,2353.42,0.00,35500.00,152450.00,8100.00,"***",,1614.00
"595491","24JDAA000100010099",0.00,10.00,0.10,105.00,43.00,,,2.31,11.44,4270.00,976.00,3763.00,3943.00,0.00,7625.09,2213.83,0.00,31400.00,157850.00,8100.00,"***",,
"595492","30Z2AA000200026099",15.00,30.00,0.20,102.00,37.00,,,1.97,17.27,3006.00,0.00,5322.00,209.00,0.00,5419.11,1944.18,0.00,31500.00,157650.00,0.00,"***",1682.00,1659.00
"595493","30Z2AA000200026099",15.00,30.00,0.20,101.00,28.00,,,2.08,19.93,2291.00,512.00,3150.00,3179.00,0.00,4978.42,1751.87,0.00,25200.00,157000.00,1800.00,"***",,1635.00
"595494","30Z2AA000200026099",15.00,30.00,0.20,117.00,61.00,,,2.09,12.56,6587.00,0.00,6057.00,0.00,0.00,9033.27,2328.16,0.00,31000.00,157850.00,7600.00,"***",1697.00,1646.00
"595495","30Z2AA000200026099",15.00,30.00,0.20,106.00,44.00,,,2.46,13.09,3888.00,0.00,5847.00,205.00,0.00,6490.05,2160.81,0.00,31300.00,159250.00,5900.00,"***",1694.00,1640.00
"595496","30Z2AA000200026099",15.00,30.00,0.20,97.00,23.00,,,2.24,12.90,3791.00,510.00,4436.00,837.00,0.00,6216.72,1829.59,0.00,32000.00,157850.00,4900.00,"***",,1641.00
"595497","31Z2AA000240026099",24.00,39.00,0.24,114.00,38.00,,,1.99,20.93,2021.00,0.00,5389.00,208.00,0.00,4534.89,1916.86,0.00,31100.00,158050.00,2500.00,"***",,1649.00
"595498","30Z2AA000200026099",15.00,30.00,0.20,106.00,32.00,,,2.46,15.52,4597.00,512.00,3547.00,821.00,0.00,6535.42,1573.74,0.00,32000.00,157950.00,3400.00,"***",1689.00,1623.00
"595499","30Z2AA000200026099",15.00,30.00,0.20,111.00,21.00,,,2.70,13.42,2948.00,0.00,4770.00,214.00,0.00,5101.86,1760.02,0.00,29200.00,160000.00,3300.00,"***",,1639.00
"595500","VJQ1AA000150015099",0.00,12.00,0.15,119.00,46.00,,,2.64,12.88,5592.00,0.00,6757.00,208.00,0.00,8512.56,2546.85,0.00,31100.00,157970.00,8200.00,"***",,1636.00
"595501","VJQ1AA000150015099",0.00,12.00,0.15,117.00,44.00,,,3.32,11.90,7104.00,0.00,6584.00,207.00,353.00,9835.35,2565.18,353.00,26100.00,158000.00,0.00,"***",,1635.00
"595502","VJQ1AA000150015099",0.00,12.00,0.15,101.00,31.00,8.85,14.50,5.81,9.08,5690.00,0.00,4846.00,0.00,0.00,7617.78,1883.68,0.00,31100.00,157870.00,7800.00,"***",1697.00,
"595504","VJQ1AA000150015099",0.00,12.00,0.15,110.00,31.00,,,3.86,8.54,5431.00,968.00,3490.00,2728.00,146.00,8168.35,1962.69,146.00,25200.00,171470.00,3100.00,"***",,1620.00
"491783","21Q1AA000100010099",0.00,12.00,0.10,107.00,33.00,,,,,6731.00,1046.00,3288.00,1487.00,0.00,8914.54,1741.55,0.00,31100.00,157570.00,0.00,"***",,1650.00
"491785","21Q1AA000100010099",0.00,12.00,0.10,109.00,37.00,4.23,13.78,2.54,6.75,4973.00,1038.00,1610.00,5357.00,0.00,7746.78,1796.11,0.00,25500.00,158970.00,0.00,"***",1664.00,1595.00
"491786","VJQ1AA000150015099",0.00,12.00,0.15,104.00,29.00,,,2.97,8.52,4145.00,1043.00,1948.00,3776.00,0.00,6620.05,1581.92,0.00,31800.00,157770.00,8200.00,"***",1662.00,1605.00
"491787","GXCCAS016000145099",0.00,25.00,16.00,94.00,37.00,5.82,15.95,10.65,16.97,3057.00,575.00,1273.00,3353.00,0.00,4882.54,1205.23,0.00,25600.00,152870.00,2300.00,"***",1691.00,1631.00
"491790","GXCHAS018000145099",0.00,25.00,18.00,111.00,24.00,,,10.37,14.10,3332.00,0.00,2490.00,352.00,0.00,4410.12,1051.66,0.00,34500.00,145470.00,8300.00,"***",,1619.00
"491792","AACDAA0110001510X9",0.00,25.00,11.00,116.00,34.00,,,6.74,13.39,3527.00,0.00,3077.00,345.00,0.00,4870.92,1253.86,0.00,31700.00,157970.00,8400.00,"***",,
"491793","AACDAA0110001510X9",0.00,25.00,11.00,108.00,25.00,2.44,16.67,6.59,14.59,2746.00,0.00,2439.00,342.00,0.00,3837.36,1003.73,0.00,25800.00,152770.00,2400.00,"***",1669.00,1617.00
"491794","AACDAA0110001510X9",0.00,25.00,11.00,112.00,32.00,,,7.82,14.27,2729.00,575.00,1217.00,2975.00,0.00,4425.88,1102.31,0.00,25200.00,153070.00,0.00,"***",,1653.00
"491796","AACDAA0110001510X9",0.00,25.00,11.00,113.00,48.00,5.89,20.10,9.02,17.36,3880.00,577.00,1760.00,3514.00,0.00,5935.94,1436.17,0.00,25600.00,153370.00,2200.00,"***",1656.00,
"491797","24JDAA000100010099",0.00,10.00,0.10,117.00,71.00,5.01,14.52,3.85,9.93,8567.00,873.00,6263.00,345.00,0.00,11576.28,2600.89,0.00,30600.00,157970.00,2500.00,"***",1676.00,1612.00
"491798","AACDAA0110001510X9",0.00,25.00,11.00,102.00,40.00,,,8.56,11.88,3150.00,973.00,1013.00,4230.00,385.00,5356.52,1301.84,0.00,25200.00,157770.00,4200.00,"***",,1605.00
"491799","AACDAA0110001510X9",0.00,25.00,11.00,113.00,34.00,5.45,14.75,5.96,14.55,4263.00,575.00,1977.00,1721.00,431.00,5803.48,1204.09,0.00,25700.00,151370.00,2200.00,"***",1674.00,1612.00
"491800","DGC2AA003000021099",0.00,25.00,3.00,120.00,40.00,5.09,16.73,3.68,10.95,5570.00,0.00,5133.00,343.00,0.00,7757.13,2034.13,0.00,39100.00,148470.00,9200.00,"***",1665.00,1600.00
"491801","VJQ1AA000150015099",0.00,12.00,0.15,117.00,48.00,5.51,10.44,4.16,9.78,8113.00,0.00,5628.00,344.00,0.00,10360.05,2324.81,0.00,32000.00,148670.00,7800.00,"***",1670.00,1622.00
"491802","VJQ1AA000150015099",0.00,12.00,0.15,112.00,36.00,4.57,10.29,3.81,6.74,4943.00,1044.00,3814.00,1048.00,0.00,7358.19,1746.61,0.00,31400.00,157870.00,7900.00,"***",1658.00,1603.00
"491803","VJQ1AA000150015099",0.00,12.00,0.15,104.00,26.00,,,3.07,8.39,4128.00,1049.00,3715.00,347.00,0.00,6324.19,1547.26,0.00,31300.00,157770.00,0.00,"***",,
"491805","VJQ1AA000150015099",0.00,12.00,0.15,109.00,28.00,,,5.64,19.32,4591.00,1041.00,2268.00,3643.00,0.00,7143.42,1685.78,0.00,26600.00,162570.00,8600.00,"***",,
"491806","VJQ1AA000150015099",0.00,12.00,0.15,111.00,37.00,5.15,13.31,3.45,10.54,5054.00,917.00,4156.00,360.00,0.00,7327.42,1734.83,0.00,30810.00,157870.00,4900.00,"***",1679.00,1610.00
"491807","DGC2AA003000021099",0.00,25.00,3.00,115.00,36.00,3.54,13.28,2.38,11.34,4709.00,578.00,3297.00,2922.00,0.00,7249.87,1878.32,0.00,25300.00,163370.00,4900.00,"***",1668.00,1625.00
"595503","VJQ1AA000150015099",0.00,12.00,0.15,107.00,31.00,,,2.43,9.34,5362.00,973.00,4346.00,1204.00,0.00,8014.94,1967.65,0.00,31100.00,157580.00,7800.00,"***",,1647.00
"595505","VJQ1AA000150015099",0.00,12.00,0.15,105.00,30.00,,,2.58,4.84,6872.00,0.00,4759.00,0.00,0.00,8675.28,1914.07,0.00,31500.00,157870.00,9000.00,"***",,1621.00
"595508","VJQ1AA000150015099",0.00,12.00,0.15,109.00,38.00,,,3.98,8.84,4237.00,971.00,4047.00,2636.00,184.00,7296.61,2070.39,184.00,25400.00,158070.00,2400.00,"***",,1602.00
"595509","VJQ1AA000150015099",0.00,12.00,0.15,104.00,39.00,,,3.88,8.95,4669.00,0.00,5466.00,194.00,0.00,7029.87,2072.15,0.00,30400.00,158070.00,8000.00,"***",,1615.00
"595511","24JDAA000100010099",0.00,10.00,0.10,107.00,40.00,,,3.82,11.87,5194.00,0.00,5809.00,196.00,0.00,7683.42,2211.95,0.00,32900.00,155670.00,7700.00,"***",,1623.00
"595512","ZICAAS018000145099",0.00,25.00,18.00,93.00,37.00,6.99,13.59,11.32,14.71,3981.00,510.00,2801.00,4842.00,0.00,6930.27,2020.44,0.00,32100.00,157770.00,8600.00,"***",1699.00,1611.00
"595513","MBA2AA000150010099",0.00,15.00,0.15,95.00,23.00,,,2.07,9.77,9041.00,0.00,4795.00,208.00,287.00,10778.37,2071.84,287.00,31300.00,157970.00,7900.00,"***",,1623.00
"595514","MBA2AA000150010099",0.00,15.00,0.15,99.00,23.00,,,2.52,9.61,3758.00,514.00,2490.00,4425.00,182.00,6438.23,1831.80,182.00,25400.00,161770.00,1400.00,"***",,1620.00
"595515","24JDAA000100010099",0.00,10.00,0.10,97.00,24.00,,,2.98,11.31,5092.00,0.00,4795.00,200.00,179.00,7103.16,1872.95,179.00,30600.00,157770.00,1600.00,"***",,1624.00
"595516","24JDAA000100010099",0.00,10.00,0.10,118.00,61.00,,,4.40,8.77,10003.00,0.00,7988.00,200.00,332.00,13203.03,3172.19,332.00,30300.00,157770.00,1500.00,"***",,1625.00
"595517","24JDAA000100010099",0.00,10.00,0.10,105.00,39.00,,,3.55,10.53,4180.00,931.00,5492.00,196.00,221.00,7109.60,2103.19,221.00,30600.00,158270.00,1100.00,"***",1673.00,1618.00
"595518","AACDAA0110001510X9",0.00,25.00,11.00,103.00,33.00,6.00,12.31,7.02,11.49,2344.00,510.00,0.00,6548.00,143.00,4626.36,1321.34,143.00,26100.00,157770.00,2100.00,"***",1671.00,1597.00
"595519","AACDAA0110001510X9",0.00,25.00,11.00,112.00,40.00,7.52,18.84,8.62,17.68,2988.00,512.00,3000.00,1745.00,410.00,5081.41,1479.10,410.00,25200.00,153570.00,1900.00,"***",1665.00,
"595520","DGC2AA003000021099",0.00,25.00,3.00,111.00,41.00,,,2.70,12.37,3445.00,0.00,5914.00,202.00,0.00,6109.23,2160.23,0.00,39400.00,148570.00,7200.00,"***",,1631.00
"595521","VJQ1AA000150015099",0.00,12.00,0.15,116.00,41.00,6.84,13.09,,,6515.00,687.00,6643.00,216.00,347.00,9703.59,2591.17,347.00,31400.00,157770.00,0.00,"***",1681.00,
"595522","VJQ1AA000150015099",0.00,12.00,0.15,109.00,41.00,7.75,13.04,4.34,11.53,4325.00,972.00,4649.00,2076.00,0.00,7483.17,2172.70,0.00,31500.00,157870.00,7400.00,"***",1663.00,1600.00
"595523","DGC2AA003000021099",0.00,25.00,3.00,111.00,58.00,,,4.16,7.65,4147.00,509.00,6043.00,2215.00,0.00,7773.34,2625.69,0.00,38200.00,148470.00,0.00,"***",,1597.00
"595524","DGC2AA003000021099",0.00,25.00,3.00,105.00,52.00,,,3.54,10.46,4041.00,512.00,0.00,6218.00,0.00,6096.79,1346.89,0.00,31100.00,157570.00,0.00,"***",,1613.00
"595525","VJQ1AA000150015099",0.00,12.00,0.15,114.00,40.00,,,4.05,13.68,4429.00,977.00,3581.00,3605.00,0.00,7574.62,2100.93,0.00,31000.00,157970.00,7600.00,"***",,1637.00
"595526","VJQ1AA000150015099",0.00,12.00,0.15,113.00,28.00,,,3.15,14.70,4290.00,0.00,3529.00,0.00,0.00,5683.62,1379.07,0.00,29900.00,157870.00,6800.00,"***",,1651.00
"595527","VJQ1AA000150015099",0.00,12.00,0.15,113.00,51.00,,,2.46,9.85,5630.00,973.00,4343.00,3805.00,0.00,9121.07,2448.24,0.00,30530.00,157770.00,8700.00,"***",,1613.00
"595529","DGC2AA003000021099",0.00,25.00,3.00,108.00,29.00,,,2.73,10.60,5647.00,0.00,4763.00,203.00,0.00,7604.94,1890.68,0.00,30180.00,157770.00,7000.00,"***",1681.00,
"491808","VWB2AA003000020099",0.00,20.00,3.00,110.00,31.00,,,2.82,12.41,4715.00,0.00,3801.00,349.00,0.00,6324.60,1552.90,0.00,38390.00,149070.00,8500.00,"***",1666.00,1647.00
"491809","DGC2AA003000021099",0.00,25.00,3.00,114.00,34.00,,,1.41,12.44,2721.00,728.00,4217.00,747.00,0.00,5208.88,1698.52,0.00,37640.00,149770.00,700.00,"***",1665.00,
"491810","FVZ1AA000150064099",20.00,35.00,0.15,116.00,50.00,,,3.35,10.16,6006.00,0.00,5750.00,352.00,0.00,8461.74,2261.16,0.00,38600.00,149270.00,7900.00,"***",,1641.00
"491811","FVZ1AA000150064099",20.00,35.00,0.15,109.00,40.00,,,2.90,15.50,3470.00,575.00,2890.00,3150.00,0.00,5975.80,1722.95,0.00,31800.00,157870.00,7900.00,"***",,1630.00
"491812","FVZ1AA000150064099",20.00,35.00,0.15,110.00,61.00,,,1.70,10.08,5048.00,578.00,3663.00,3965.00,0.00,8085.01,2203.79,0.00,31100.00,157170.00,7100.00,"***",,1601.00
"491813","WRCBAA010000150099",0.00,25.00,10.00,114.00,50.00,,,7.53,15.71,4050.00,581.00,2547.00,2319.00,436.00,6079.69,1489.48,0.00,25300.00,154970.00,0.00,"***",,1627.00
"491814","VJQ1AA000150015099",0.00,12.00,0.15,116.00,49.00,,,2.09,6.22,8522.00,0.00,5509.00,341.00,0.00,10682.31,2305.45,0.00,31300.00,157870.00,6700.00,"***",,1617.00
"491815","VJQ1AA000150015099",0.00,12.00,0.15,94.00,27.00,,,2.11,7.42,5869.00,1044.00,3479.00,961.00,157.00,8029.86,1666.70,0.00,31200.00,157870.00,8500.00,"***",,1626.00
"491816","VJQ1AA000150015099",0.00,12.00,0.15,119.00,59.00,,,2.10,7.01,9245.00,841.00,6168.00,444.00,438.00,12175.97,2619.66,0.00,24600.00,158070.00,0.00,"***",,
"491817","VJQ1AA000150015099",0.00,12.00,0.15,115.00,33.00,,,3.10,6.15,5602.00,1048.00,4124.00,1254.00,155.00,8190.08,1919.14,0.00,28400.00,157970.00,4000.00,"***",,1619.00
"491818","VJQ1AA000150015099",0.00,12.00,0.15,110.00,37.00,,,2.88,5.49,6087.00,0.00,4162.00,713.00,358.00,7893.96,1806.15,0.00,28900.00,157570.00,0.00,"***",,1624.00
"491819","VJQ1AA000150015099",0.00,12.00,0.15,101.00,35.00,,,3.20,8.34,4542.00,1044.00,3169.00,2096.00,352.00,7021.50,1702.35,0.00,31700.00,158270.00,0.00,"***",,1612.00
"491820","VJQ1AA000150015099",0.00,12.00,0.15,94.00,33.00,,,2.79,10.91,4184.00,1046.00,2357.00,3325.00,0.00,6705.49,1637.81,0.00,31200.00,157870.00,5500.00,"***",,1629.00
"491821","VJQ1AA000150015099",0.00,12.00,0.15,110.00,48.00,4.64,11.00,2.64,10.81,6705.00,0.00,4825.00,341.00,369.00,8664.18,1988.88,0.00,32000.00,157770.00,0.00,"***",1676.00,
"491822","AAC3AA0040000210X9",0.00,25.00,4.00,107.00,68.00,,,,,6378.00,580.00,3746.00,3784.00,0.00,9303.14,2265.20,0.00,31000.00,157870.00,7300.00,"***",,
"491823","AAC3AA0040000210X9",0.00,25.00,4.00,98.00,20.00,,,3.06,8.47,2615.00,590.00,3161.00,1983.00,0.00,4934.02,1560.32,0.00,38900.00,149570.00,5200.00,"***",,1621.00
"491824","AAC3AA0040000210X9",0.00,25.00,4.00,102.00,23.00,,,2.49,9.99,2724.00,538.00,3989.00,341.00,0.00,4861.85,1540.85,0.00,38700.00,148470.00,4300.00,"***",,1605.00
"491825","VNBCAA012000180099",0.00,20.00,12.00,110.00,42.00,3.99,13.38,,,5707.00,583.00,4524.00,1469.00,358.00,8290.28,2071.84,0.00,25200.00,152570.00,2000.00,"***",1696.00,
"491827","YUCBAA009000153099",0.00,25.00,9.00,97.00,53.00,3.37,14.07,,,5492.00,0.00,3572.00,334.00,434.00,6932.34,1513.48,0.00,24800.00,150360.00,2100.00,"***",,1612.00
"595528","FVZ1AA000150064099",20.00,35.00,0.15,111.00,30.00,,,2.14,10.80,3712.00,971.00,3737.00,2172.00,0.00,6506.44,1858.32,0.00,30590.00,158370.00,4400.00,"***",,1612.00
"595530","FVZ1AA000150064099",20.00,35.00,0.15,101.00,27.00,2.53,21.37,,,2019.00,511.00,4112.00,1564.00,0.00,4653.71,1764.98,0.00,30260.00,158270.00,4500.00,"***",1708.00,1640.00
"595531","FVZ1AA000150064099",20.00,35.00,0.15,116.00,56.00,4.13,7.23,1.86,10.40,5813.00,0.00,7651.00,196.00,0.00,9143.25,2850.76,0.00,31500.00,158270.00,8200.00,"***",,1645.00
"595532","FVZ1AA000150064099",20.00,35.00,0.15,98.00,35.00,,,2.34,20.79,2252.00,508.00,3327.00,3574.00,0.00,5155.22,1879.23,0.00,32200.00,158770.00,8000.00,"***",,1638.00
"595533","FVZ1AA000150064099",20.00,35.00,0.15,98.00,36.00,,,3.65,13.03,2865.00,508.00,3474.00,3924.00,0.00,5911.37,2021.39,0.00,31800.00,148470.00,8200.00,"***",,1628.00
"595534","FVZ1AA000150064099",20.00,35.00,0.15,111.00,39.00,3.77,28.45,2.86,21.20,2712.00,509.00,4346.00,2321.00,0.00,5659.21,2013.01,0.00,31400.00,157470.00,8900.00,"***",1694.00,1628.00
"595535","WRCBAA010000150099",0.00,25.00,10.00,117.00,55.00,,,4.93,16.73,5644.00,0.00,5483.00,0.00,216.00,7880.76,2091.59,216.00,24500.00,155170.00,0.00,"***",,1625.00
"595536","WRCBAA010000150099",0.00,25.00,10.00,96.00,30.00,5.58,15.90,4.11,13.11,4343.00,1014.00,0.00,6079.00,145.00,6612.90,1362.07,145.00,25300.00,155170.00,0.00,"***",1694.00,1630.00
"595537","VJQ1AA000150015099",0.00,12.00,0.15,97.00,27.00,,,2.45,9.97,4502.00,970.00,3621.00,2290.00,0.00,7223.84,1880.73,0.00,31000.00,157870.00,7900.00,"***",1678.00,1639.00
"595538","VJQ1AA000150015099",0.00,12.00,0.15,99.00,26.00,,,2.96,11.31,4831.00,971.00,3980.00,1514.00,0.00,7446.61,1876.02,0.00,32100.00,157970.00,4800.00,"***",,1647.00
"595539","VJQ1AA000150015099",0.00,12.00,0.15,109.00,36.00,4.45,15.27,3.31,9.56,5449.00,973.00,4371.00,1720.00,254.00,8278.13,2073.13,254.00,25500.00,157270.00,0.00,"***",1671.00,1613.00
"595540","VJQ1AA000150015099",0.00,12.00,0.15,119.00,35.00,,,2.84,7.37,6644.00,973.00,4437.00,2799.00,139.00,9777.23,2348.88,139.00,29100.00,158170.00,5100.00,"***",,1616.00
"595542","AAC3AA0040000210X9",0.00,25.00,4.00,107.00,37.00,,,,,4087.00,975.00,4655.00,1478.00,0.00,7069.05,2055.29,0.00,31300.00,157870.00,7200.00,"***",1668.00,1609.00
"595543","VJQ1AA000150015099",0.00,12.00,0.15,100.00,29.00,,,4.53,13.84,2019.00,515.00,3724.00,2216.00,0.00,4684.87,1754.50,0.00,31000.00,148570.00,4000.00,"***",,1632.00
"595544","VJQ1AA000150015099",0.00,12.00,0.15,101.00,33.00,5.43,16.37,3.24,13.01,3695.00,977.00,4175.00,1774.00,0.00,6572.89,1930.67,0.00,31800.00,158070.00,5300.00,"***",1692.00,1635.00
"595545","AAC3AA0040000210X9",0.00,25.00,4.00,108.00,52.00,,,4.47,14.18,4043.00,0.00,6717.00,207.00,0.00,7052.46,2456.02,0.00,36000.00,148470.00,2500.00,"***",,1625.00
"595546","AAC3AA0040000210X9",0.00,25.00,4.00,112.00,55.00,7.44,15.55,4.83,13.38,4331.00,0.00,6963.00,208.00,0.00,7438.71,2551.78,0.00,38600.00,148870.00,8000.00,"***",1675.00,1622.00
"595547","YRCEAA009000125099",0.00,25.00,9.00,112.00,55.00,5.56,10.86,6.51,13.39,6965.00,463.00,6534.00,208.00,430.00,9941.69,2565.06,430.00,25200.00,151570.00,0.00,"***",1683.00,1611.00
"595548","YRCCAA009000125099",0.00,25.00,9.00,102.00,31.00,6.30,12.99,8.87,13.82,3574.00,511.00,4428.00,671.00,143.00,5956.85,1786.27,143.00,25900.00,152870.00,2400.00,"***",1686.00,1624.00
"595549","VNBCAA012000180099",0.00,20.00,12.00,111.00,47.00,3.76,13.03,7.73,13.81,3412.00,512.00,6126.00,747.00,220.00,6646.87,2352.24,220.00,25300.00,153070.00,2000.00,"***",1675.00,1604.00
"595550","VNBCAA012000180099",0.00,20.00,12.00,101.00,27.00,6.01,11.57,7.09,12.82,5819.00,0.00,6626.00,210.00,454.00,8661.45,2515.33,454.00,20700.00,156000.00,0.00,"***",1681.00,1605.00
"595551","YUCBAA009000153099",0.00,25.00,9.00,114.00,34.00,6.79,11.41,,,4420.00,0.00,3386.00,0.00,226.00,5735.88,1338.38,226.00,24900.00,153000.00,2200.00,"***",1678.00,1602.00
"595552","7FBBAS016000120099",0.00,20.00,16.00,135.00,56.00,3.87,10.90,11.84,14.53,5777.00,0.00,5468.00,205.00,0.00,8064.90,2130.19,0.00,24670.00,152860.00,1900.00,"***",1666.00,1553.00
